"group","group_name","seqnames","start","end","width","strand","Type"
1,NA,"chr7",135165081,135165411,331,"*","Adipocytes"
2,NA,"chr11",62537015,62537055,41,"*","Adipocytes"
3,NA,"chr11",27480944,27481425,482,"*","Adipocytes"
4,NA,"chr1",109883776,109884508,733,"*","Adipocytes"
5,NA,"chr19",56613782,56614113,332,"*","Adipocytes"
6,NA,"chr11",75825997,75826219,223,"*","Adipocytes"
7,NA,"chr6",155036860,155037246,387,"*","Adipocytes"
8,NA,"chr12",109157566,109157804,239,"*","Adipocytes"
9,NA,"chr17",49615598,49616098,501,"*","Adipocytes"
10,NA,"chr19",5714961,5715175,215,"*","Adipocytes"
11,NA,"chr10",69473222,69473442,221,"*","Adipocytes"
12,NA,"chr8",22656689,22657502,814,"*","Adipocytes"
13,NA,"chr5",123868862,123869527,666,"*","Adipocytes"
14,NA,"chr6",25068431,25069002,572,"*","Adipocytes"
15,NA,"chr15",73696447,73696623,177,"*","Adipocytes"
16,NA,"chr11",93532868,93533195,328,"*","Adipocytes"
17,NA,"chr8",19581029,19581562,534,"*","Adipocytes"
18,NA,"chr12",93995560,93995857,298,"*","Adipocytes"
19,NA,"chr9",98911445,98911849,405,"*","Adipocytes"
20,NA,"chr17",82066220,82066282,63,"*","Adipocytes"
21,NA,"chr20",11993919,11994307,389,"*","Adipocytes"
22,NA,"chr9",109182622,109182784,163,"*","Adipocytes"
23,NA,"chr22",37655819,37656310,492,"*","Adipocytes"
24,NA,"chr17",43645548,43645692,145,"*","Adipocytes"
25,NA,"chr5",5303813,5304019,207,"*","Adipocytes"
26,NA,"chr3",189986306,189986383,78,"*","Bladder-Ep"
27,NA,"chr7",97779325,97779429,105,"*","Bladder-Ep"
28,NA,"chr2",134518496,134518579,84,"*","Bladder-Ep"
29,NA,"chr1",185001566,185001852,287,"*","Bladder-Ep"
30,NA,"chr1",33539006,33539129,124,"*","Bladder-Ep"
31,NA,"chr6",34998819,34999802,984,"*","Bladder-Ep"
32,NA,"chr19",11815956,11816756,801,"*","Bladder-Ep"
33,NA,"chr10",9229415,9229611,197,"*","Bladder-Ep"
34,NA,"chr4",2959465,2959745,281,"*","Bladder-Ep"
35,NA,"chr15",77156307,77156646,340,"*","Bladder-Ep"
36,NA,"chr16",28567578,28568238,661,"*","Bladder-Ep"
37,NA,"chr1",148761974,148762353,380,"*","Bladder-Ep"
38,NA,"chr7",116408879,116409145,267,"*","Bladder-Ep"
39,NA,"chr10",132179717,132179800,84,"*","Bladder-Ep"
40,NA,"chr6",34810402,34810867,466,"*","Bladder-Ep"
41,NA,"chr16",33983242,33983304,63,"*","Bladder-Ep"
42,NA,"chr3",120378460,120378589,130,"*","Bladder-Ep"
43,NA,"chr4",38567230,38567508,279,"*","Bladder-Ep"
44,NA,"chr16",32878231,32878293,63,"*","Bladder-Ep"
45,NA,"chr14",81390150,81390519,370,"*","Bladder-Ep"
46,NA,"chr13",111039522,111039666,145,"*","Bladder-Ep"
47,NA,"chr1",154281610,154281801,192,"*","Bladder-Ep"
48,NA,"chrY",26339871,26340056,186,"*","Bladder-Ep"
49,NA,"chr4",2960114,2960596,483,"*","Bladder-Ep"
50,NA,"chr2",121662139,121663202,1064,"*","Bladder-Ep"
51,NA,"chr17",76423806,76424009,204,"*","Blood-B"
52,NA,"chr19",1648938,1648992,55,"*","Blood-B"
53,NA,"chr20",16392383,16392649,267,"*","Blood-B"
54,NA,"chr15",90595485,90595714,230,"*","Blood-B"
55,NA,"chr19",16443641,16443937,297,"*","Blood-B"
56,NA,"chr11",45938693,45939054,362,"*","Blood-B"
57,NA,"chr12",64613820,64613993,174,"*","Blood-B"
58,NA,"chr6",99484602,99485096,495,"*","Blood-B"
59,NA,"chr6",14254722,14255015,294,"*","Blood-B"
60,NA,"chr16",71728101,71728190,90,"*","Blood-B"
61,NA,"chr7",98314656,98314867,212,"*","Blood-B"
62,NA,"chr10",129473122,129473443,322,"*","Blood-B"
63,NA,"chr16",87701230,87701777,548,"*","Blood-B"
64,NA,"chr1",101246726,101246956,231,"*","Blood-B"
65,NA,"chr13",110675743,110676086,344,"*","Blood-B"
66,NA,"chr11",83066619,83066832,214,"*","Blood-B"
67,NA,"chr13",30443328,30444785,1458,"*","Blood-B"
68,NA,"chr8",38277338,38277523,186,"*","Blood-B"
69,NA,"chr3",66386128,66386578,451,"*","Blood-B"
70,NA,"chr17",39550596,39550795,200,"*","Blood-B"
71,NA,"chr18",23479356,23479791,436,"*","Blood-B"
72,NA,"chr19",11052009,11052367,359,"*","Blood-B"
73,NA,"chr6",63665467,63665709,243,"*","Blood-B"
74,NA,"chr11",2393701,2394121,421,"*","Blood-B"
75,NA,"chr12",57287963,57288284,322,"*","Blood-B"
76,NA,"chr5",1475139,1475232,94,"*","Blood-Granul"
77,NA,"chr20",49654325,49654694,370,"*","Blood-Granul"
78,NA,"chr19",19184591,19184761,171,"*","Blood-Granul"
79,NA,"chr7",157137840,157137887,48,"*","Blood-Granul"
80,NA,"chr3",150568292,150568650,359,"*","Blood-Granul"
81,NA,"chr12",57500277,57500514,238,"*","Blood-Granul"
82,NA,"chr7",100431198,100431357,160,"*","Blood-Granul"
83,NA,"chr12",32587637,32588651,1015,"*","Blood-Granul"
84,NA,"chr16",14959763,14960240,478,"*","Blood-Granul"
85,NA,"chr12",132665920,132666186,267,"*","Blood-Granul"
86,NA,"chr19",40733011,40733210,200,"*","Blood-Granul"
87,NA,"chr6",52334637,52334754,118,"*","Blood-Granul"
88,NA,"chr3",38280706,38280930,225,"*","Blood-Granul"
89,NA,"chr16",67721352,67721481,130,"*","Blood-Granul"
90,NA,"chr20",34609425,34609835,411,"*","Blood-Granul"
91,NA,"chr14",89971615,89972277,663,"*","Blood-Granul"
92,NA,"chr5",69318021,69318518,498,"*","Blood-Granul"
93,NA,"chr12",76541049,76541351,303,"*","Blood-Granul"
94,NA,"chr11",76096911,76097521,611,"*","Blood-Granul"
95,NA,"chr11",113770908,113771121,214,"*","Blood-Granul"
96,NA,"chr3",47080839,47081396,558,"*","Blood-Granul"
97,NA,"chr1",173885684,173886549,866,"*","Blood-Granul"
98,NA,"chr20",37037698,37037832,135,"*","Blood-Granul"
99,NA,"chr9",128143077,128143267,191,"*","Blood-Granul"
100,NA,"chr7",8007319,8007423,105,"*","Blood-Granul"
101,NA,"chr11",74022616,74022885,270,"*","Blood-Mono+Macro"
102,NA,"chr16",29173589,29173921,333,"*","Blood-Mono+Macro"
103,NA,"chr1",59580390,59580738,349,"*","Blood-Mono+Macro"
104,NA,"chr11",33197976,33198159,184,"*","Blood-Mono+Macro"
105,NA,"chr7",107028249,107028462,214,"*","Blood-Mono+Macro"
106,NA,"chr2",64754165,64754279,115,"*","Blood-Mono+Macro"
107,NA,"chr12",24967110,24967269,160,"*","Blood-Mono+Macro"
108,NA,"chr14",77518127,77518167,41,"*","Blood-Mono+Macro"
109,NA,"chr2",121287283,121287589,307,"*","Blood-Mono+Macro"
110,NA,"chr19",51811466,51811655,190,"*","Blood-Mono+Macro"
111,NA,"chr6",26545760,26545942,183,"*","Blood-Mono+Macro"
112,NA,"chr21",46432070,46432232,163,"*","Blood-Mono+Macro"
113,NA,"chr3",185685272,185685775,504,"*","Blood-Mono+Macro"
114,NA,"chr12",923779,923879,101,"*","Blood-Mono+Macro"
115,NA,"chr3",185649383,185649601,219,"*","Blood-Mono+Macro"
116,NA,"chr19",51824381,51824478,98,"*","Blood-Mono+Macro"
117,NA,"chr14",103190933,103191100,168,"*","Blood-Mono+Macro"
118,NA,"chr19",53845768,53845907,140,"*","Blood-Mono+Macro"
119,NA,"chr12",14252677,14252797,121,"*","Blood-Mono+Macro"
120,NA,"chr10",132451294,132451375,82,"*","Blood-Mono+Macro"
121,NA,"chr3",13578969,13579116,148,"*","Blood-Mono+Macro"
122,NA,"chr14",103443184,103443650,467,"*","Blood-Mono+Macro"
123,NA,"chr9",110156404,110156553,150,"*","Blood-Mono+Macro"
124,NA,"chr7",2244847,2244977,131,"*","Blood-Mono+Macro"
125,NA,"chr10",132444096,132444336,241,"*","Blood-Mono+Macro"
126,NA,"chr15",90826965,90827098,134,"*","Blood-NK"
127,NA,"chr17",74468387,74468750,364,"*","Blood-NK"
128,NA,"chr12",9831001,9831394,394,"*","Blood-NK"
129,NA,"chr12",9642673,9643208,536,"*","Blood-NK"
130,NA,"chr10",7243322,7243430,109,"*","Blood-NK"
131,NA,"chr17",74468095,74468314,220,"*","Blood-NK"
132,NA,"chr6",170111044,170111232,189,"*","Blood-NK"
133,NA,"chr2",231528485,231529106,622,"*","Blood-NK"
134,NA,"chr20",5997245,5997369,125,"*","Blood-NK"
135,NA,"chr18",79631680,79632005,326,"*","Blood-NK"
136,NA,"chr17",74464331,74464519,189,"*","Blood-NK"
137,NA,"chr6",166335023,166335282,260,"*","Blood-NK"
138,NA,"chr7",2000310,2000555,246,"*","Blood-NK"
139,NA,"chr17",20698228,20698488,261,"*","Blood-NK"
140,NA,"chr13",109759058,109759214,157,"*","Blood-NK"
141,NA,"chr14",22458516,22459559,1044,"*","Blood-NK"
142,NA,"chr1",167451940,167452576,637,"*","Blood-NK"
143,NA,"chr3",32904035,32904369,335,"*","Blood-NK"
144,NA,"chr22",21680931,21681605,675,"*","Blood-NK"
145,NA,"chr2",119928547,119929053,507,"*","Blood-NK"
146,NA,"chr13",114070621,114071279,659,"*","Blood-NK"
147,NA,"chr17",83054449,83054781,333,"*","Blood-NK"
148,NA,"chr7",158732455,158733111,657,"*","Blood-NK"
149,NA,"chr11",47615870,47616499,630,"*","Blood-NK"
150,NA,"chr1",167501115,167501355,241,"*","Blood-NK"
151,NA,"chr5",119299814,119300063,250,"*","Blood-T"
152,NA,"chr16",28985618,28986646,1029,"*","Blood-T"
153,NA,"chr11",118304916,118305780,865,"*","Blood-T"
154,NA,"chr11",118341599,118342558,960,"*","Blood-T"
155,NA,"chr12",9677629,9678169,541,"*","Blood-T"
156,NA,"chr8",29061304,29061525,222,"*","Blood-T"
157,NA,"chr11",118339444,118340659,1216,"*","Blood-T"
158,NA,"chr7",3461942,3462236,295,"*","Blood-T"
159,NA,"chr1",32252846,32253137,292,"*","Blood-T"
160,NA,"chr9",89481562,89481979,418,"*","Blood-T"
161,NA,"chr21",42405573,42405740,168,"*","Blood-T"
162,NA,"chr11",134058306,134058381,76,"*","Blood-T"
163,NA,"chr17",82126985,82127338,354,"*","Blood-T"
164,NA,"chr11",118342812,118343296,485,"*","Blood-T"
165,NA,"chr1",32254316,32255187,872,"*","Blood-T"
166,NA,"chr5",39201854,39202719,866,"*","Blood-T"
167,NA,"chr11",118343580,118343817,238,"*","Blood-T"
168,NA,"chr14",106200669,106200796,128,"*","Blood-T"
169,NA,"chr10",127333657,127334003,347,"*","Blood-T"
170,NA,"chrY",7326350,7327182,833,"*","Blood-T"
171,NA,"chr14",22526966,22527230,265,"*","Blood-T"
171,NA,"chr14",22527232,22527302,71,"*","Blood-T"
171,NA,"chr14",22527305,22527719,415,"*","Blood-T"
171,NA,"chr14",22527720,22527772,53,"*","Blood-T"
171,NA,"chr14",22527774,22527798,25,"*","Blood-T"
171,NA,"chr14",22527803,22527845,43,"*","Blood-T"
171,NA,"chr14",22527847,22527887,41,"*","Blood-T"
171,NA,"chr14",22527892,22527955,64,"*","Blood-T"
171,NA,"chr14",22527959,22528050,92,"*","Blood-T"
172,NA,"chr22",48079913,48080100,188,"*","Blood-T"
173,NA,"chr12",68891759,68891894,136,"*","Blood-T"
174,NA,"chr17",73822427,73822779,353,"*","Blood-T"
175,NA,"chr8",143461533,143461641,109,"*","Blood-T"
176,NA,"chr22",24914752,24915056,305,"*","Bone-Osteob"
177,NA,"chr10",98529063,98529074,12,"*","Bone-Osteob"
178,NA,"chr15",88695369,88695399,31,"*","Bone-Osteob"
179,NA,"chr17",27600566,27600631,66,"*","Bone-Osteob"
180,NA,"chr6",143125912,143126266,355,"*","Bone-Osteob"
181,NA,"chr13",76191300,76191359,60,"*","Bone-Osteob"
182,NA,"chr2",39419466,39419944,479,"*","Bone-Osteob"
183,NA,"chr10",129131115,129131255,141,"*","Bone-Osteob"
184,NA,"chr19",56943315,56943582,268,"*","Bone-Osteob"
185,NA,"chr6",70302443,70302780,338,"*","Bone-Osteob"
186,NA,"chr7",6913061,6913300,240,"*","Bone-Osteob"
187,NA,"chr1",117587527,117587865,339,"*","Bone-Osteob"
188,NA,"chr4",7105275,7105368,94,"*","Bone-Osteob"
189,NA,"chr9",121443899,121444053,155,"*","Bone-Osteob"
190,NA,"chr17",20775440,20775609,170,"*","Bone-Osteob"
191,NA,"chr9",123116628,123116801,174,"*","Bone-Osteob"
192,NA,"chr13",21906765,21906852,88,"*","Bone-Osteob"
193,NA,"chr6",154459537,154459977,441,"*","Bone-Osteob"
194,NA,"chr4",155031826,155031993,168,"*","Bone-Osteob"
195,NA,"chr12",19435958,19436352,395,"*","Bone-Osteob"
196,NA,"chr4",8485761,8486417,657,"*","Bone-Osteob"
197,NA,"chr5",1501691,1502016,326,"*","Bone-Osteob"
198,NA,"chr11",1499582,1499652,71,"*","Bone-Osteob"
199,NA,"chr7",105519019,105519497,479,"*","Bone-Osteob"
200,NA,"chr5",154954814,154955089,276,"*","Bone-Osteob"
201,NA,"chr9",136211489,136211936,448,"*","Breast-Basal-Ep"
202,NA,"chr6",35090326,35090440,115,"*","Breast-Basal-Ep"
203,NA,"chr14",105453185,105453384,200,"*","Breast-Basal-Ep"
204,NA,"chr14",103706582,103706629,48,"*","Breast-Basal-Ep"
205,NA,"chr8",102743216,102743522,307,"*","Breast-Basal-Ep"
206,NA,"chr16",81356757,81356977,221,"*","Breast-Basal-Ep"
207,NA,"chr1",234393659,234393763,105,"*","Breast-Basal-Ep"
208,NA,"chr20",41175302,41175792,491,"*","Breast-Basal-Ep"
209,NA,"chr22",36296766,36297149,384,"*","Breast-Basal-Ep"
210,NA,"chr12",120219017,120219193,177,"*","Breast-Basal-Ep"
211,NA,"chr19",16507291,16507404,114,"*","Breast-Basal-Ep"
212,NA,"chr19",52215602,52216112,511,"*","Breast-Basal-Ep"
213,NA,"chr19",13929968,13930538,571,"*","Breast-Basal-Ep"
214,NA,"chr6",35089361,35089698,338,"*","Breast-Basal-Ep"
215,NA,"chr21",44978225,44978408,184,"*","Breast-Basal-Ep"
216,NA,"chr14",99469991,99470382,392,"*","Breast-Basal-Ep"
217,NA,"chr19",4944184,4944573,390,"*","Breast-Basal-Ep"
218,NA,"chr18",22971934,22972341,408,"*","Breast-Basal-Ep"
219,NA,"chr17",81199497,81200406,910,"*","Breast-Basal-Ep"
220,NA,"chr22",39426753,39427138,386,"*","Breast-Basal-Ep"
221,NA,"chr19",39465725,39466613,889,"*","Breast-Basal-Ep"
222,NA,"chr5",177492341,177492703,363,"*","Breast-Basal-Ep"
223,NA,"chr13",24299429,24299728,300,"*","Breast-Basal-Ep"
224,NA,"chr9",131475387,131475766,380,"*","Breast-Basal-Ep"
225,NA,"chr5",1807994,1808338,345,"*","Breast-Basal-Ep"
226,NA,"chr22",23459215,23459452,238,"*","Breast-Basal-Ep:Breast-Luminal-Ep"
227,NA,"chr7",37113057,37113314,258,"*","Breast-Basal-Ep:Breast-Luminal-Ep"
228,NA,"chr12",27795925,27796187,263,"*","Breast-Basal-Ep:Breast-Luminal-Ep"
229,NA,"chr3",150774038,150774178,141,"*","Breast-Basal-Ep:Breast-Luminal-Ep"
230,NA,"chr1",227895741,227895906,166,"*","Breast-Basal-Ep:Breast-Luminal-Ep"
231,NA,"chr16",28697443,28697731,289,"*","Breast-Basal-Ep:Breast-Luminal-Ep"
232,NA,"chr3",127056284,127056454,171,"*","Breast-Basal-Ep:Breast-Luminal-Ep"
233,NA,"chr2",126482655,126482921,267,"*","Breast-Basal-Ep:Breast-Luminal-Ep"
234,NA,"chr16",1428097,1428339,243,"*","Breast-Basal-Ep:Breast-Luminal-Ep"
235,NA,"chr8",46233053,46233088,36,"*","Breast-Basal-Ep:Breast-Luminal-Ep"
236,NA,"chr10",117555383,117555442,60,"*","Breast-Basal-Ep:Breast-Luminal-Ep"
237,NA,"chr10",19154304,19154574,271,"*","Breast-Basal-Ep:Breast-Luminal-Ep"
238,NA,"chr13",38966751,38966959,209,"*","Breast-Basal-Ep:Breast-Luminal-Ep"
239,NA,"chr11",232603,233049,447,"*","Breast-Basal-Ep:Breast-Luminal-Ep"
240,NA,"chr18",59423750,59423843,94,"*","Breast-Basal-Ep:Breast-Luminal-Ep"
241,NA,"chr2",16181326,16181419,94,"*","Breast-Basal-Ep:Breast-Luminal-Ep"
242,NA,"chr3",44903790,44904502,713,"*","Breast-Basal-Ep:Breast-Luminal-Ep"
243,NA,"chr2",26301820,26302004,185,"*","Breast-Basal-Ep:Breast-Luminal-Ep"
244,NA,"chr11",233160,233419,260,"*","Breast-Basal-Ep:Breast-Luminal-Ep"
245,NA,"chr16",88113427,88113554,128,"*","Breast-Basal-Ep:Breast-Luminal-Ep"
246,NA,"chr16",4737694,4737972,279,"*","Breast-Basal-Ep:Breast-Luminal-Ep"
247,NA,"chr19",19945485,19945684,200,"*","Breast-Basal-Ep:Breast-Luminal-Ep"
248,NA,"chr8",46233980,46234076,97,"*","Breast-Basal-Ep:Breast-Luminal-Ep"
249,NA,"chr2",241816187,241816281,95,"*","Breast-Basal-Ep:Breast-Luminal-Ep"
250,NA,"chr12",122727105,122727545,441,"*","Breast-Basal-Ep:Breast-Luminal-Ep"
251,NA,"chr6",83211659,83212045,387,"*","Breast-Luminal-Ep"
252,NA,"chr19",10184993,10185164,172,"*","Breast-Luminal-Ep"
253,NA,"chr10",60171965,60172376,412,"*","Breast-Luminal-Ep"
254,NA,"chr2",235515473,235515719,247,"*","Breast-Luminal-Ep"
255,NA,"chr8",8714786,8714965,180,"*","Breast-Luminal-Ep"
256,NA,"chr1",14954541,14954609,69,"*","Breast-Luminal-Ep"
257,NA,"chr2",27210323,27210588,266,"*","Breast-Luminal-Ep"
258,NA,"chr4",48299015,48299725,711,"*","Breast-Luminal-Ep"
259,NA,"chr17",1945642,1945972,331,"*","Breast-Luminal-Ep"
260,NA,"chr11",129455005,129455527,523,"*","Breast-Luminal-Ep"
261,NA,"chr21",43430300,43430393,94,"*","Breast-Luminal-Ep"
262,NA,"chr17",1620498,1620616,119,"*","Breast-Luminal-Ep"
263,NA,"chr18",75683666,75683806,141,"*","Breast-Luminal-Ep"
264,NA,"chr6",42429690,42430025,336,"*","Breast-Luminal-Ep"
265,NA,"chr12",5638567,5638732,166,"*","Breast-Luminal-Ep"
266,NA,"chr2",233122020,233122279,260,"*","Breast-Luminal-Ep"
267,NA,"chr2",61244373,61244609,237,"*","Breast-Luminal-Ep"
268,NA,"chr8",116219554,116219843,290,"*","Breast-Luminal-Ep"
268,NA,"chr8",116219844,116220030,187,"*","Breast-Luminal-Ep"
269,NA,"chr6",34538535,34538712,178,"*","Breast-Luminal-Ep"
270,NA,"chr11",71613351,71613514,164,"*","Breast-Luminal-Ep"
271,NA,"chr1",32798151,32798792,642,"*","Breast-Luminal-Ep"
272,NA,"chr9",137090170,137090529,360,"*","Breast-Luminal-Ep"
273,NA,"chr22",29794757,29795217,461,"*","Breast-Luminal-Ep"
274,NA,"chr21",45515593,45516068,476,"*","Breast-Luminal-Ep"
275,NA,"chr20",2982121,2982334,214,"*","Breast-Luminal-Ep"
276,NA,"chr4",48677599,48678487,889,"*","Colon-Ep"
277,NA,"chr10",112492743,112492961,219,"*","Colon-Ep"
278,NA,"chr4",48677319,48677556,238,"*","Colon-Ep"
279,NA,"chr14",61639491,61639511,21,"*","Colon-Ep"
280,NA,"chr3",123948366,123948720,355,"*","Colon-Ep"
281,NA,"chr6",4909655,4909863,209,"*","Colon-Ep"
282,NA,"chr16",81419838,81420124,287,"*","Colon-Ep"
283,NA,"chr12",104925430,104925587,158,"*","Colon-Ep"
284,NA,"chr2",241795796,241795994,199,"*","Colon-Ep"
285,NA,"chr13",102610449,102611127,679,"*","Colon-Ep"
286,NA,"chr6",2030403,2031131,729,"*","Colon-Ep"
287,NA,"chr16",30282545,30283105,561,"*","Colon-Ep"
288,NA,"chr8",22243937,22244173,237,"*","Colon-Ep"
289,NA,"chr8",100214371,100215254,884,"*","Colon-Ep"
290,NA,"chr1",167900862,167901279,418,"*","Colon-Ep"
291,NA,"chr2",74096401,74096596,196,"*","Colon-Ep"
292,NA,"chr1",47440183,47440541,359,"*","Colon-Ep"
293,NA,"chr10",103374221,103374687,467,"*","Colon-Ep"
294,NA,"chr22",32791212,32791754,543,"*","Colon-Ep"
295,NA,"chr7",73993449,73993800,352,"*","Colon-Ep"
296,NA,"chr15",32701103,32701182,80,"*","Colon-Ep"
297,NA,"chr5",81180188,81180493,306,"*","Colon-Ep"
298,NA,"chr8",140333579,140334279,701,"*","Colon-Ep"
299,NA,"chr2",240000604,240000882,279,"*","Colon-Ep"
300,NA,"chr8",140584615,140584956,342,"*","Colon-Ep"
301,NA,"chr6",31145174,31145250,77,"*","Colon-Ep:Gastric-Ep:Small-Int-Ep"
302,NA,"chr17",10801136,10801290,155,"*","Colon-Ep:Gastric-Ep:Small-Int-Ep"
303,NA,"chr13",30133742,30133838,97,"*","Colon-Ep:Gastric-Ep:Small-Int-Ep"
304,NA,"chr17",72413313,72413677,365,"*","Colon-Ep:Gastric-Ep:Small-Int-Ep"
305,NA,"chr14",77674713,77675366,654,"*","Colon-Ep:Gastric-Ep:Small-Int-Ep"
306,NA,"chr4",38538932,38539012,81,"*","Colon-Ep:Gastric-Ep:Small-Int-Ep"
307,NA,"chr13",30133322,30133636,315,"*","Colon-Ep:Gastric-Ep:Small-Int-Ep"
308,NA,"chr5",98776808,98777082,275,"*","Colon-Ep:Gastric-Ep:Small-Int-Ep"
309,NA,"chr3",18623240,18623543,304,"*","Colon-Ep:Gastric-Ep:Small-Int-Ep"
310,NA,"chr2",231094141,231095019,879,"*","Colon-Ep:Gastric-Ep:Small-Int-Ep"
311,NA,"chr19",19580393,19580807,415,"*","Colon-Ep:Gastric-Ep:Small-Int-Ep"
312,NA,"chr3",71531075,71531218,144,"*","Colon-Ep:Gastric-Ep:Small-Int-Ep"
313,NA,"chr8",127570204,127570695,492,"*","Colon-Ep:Gastric-Ep:Small-Int-Ep"
314,NA,"chr1",207869847,207870362,516,"*","Colon-Ep:Gastric-Ep:Small-Int-Ep"
315,NA,"chr19",50176821,50177073,253,"*","Colon-Ep:Gastric-Ep:Small-Int-Ep"
316,NA,"chr12",124239345,124239511,167,"*","Colon-Ep:Gastric-Ep:Small-Int-Ep"
317,NA,"chr19",45005728,45006659,932,"*","Colon-Ep:Gastric-Ep:Small-Int-Ep"
318,NA,"chr3",23508733,23508998,266,"*","Colon-Ep:Gastric-Ep:Small-Int-Ep"
319,NA,"chr2",32804299,32804953,655,"*","Colon-Ep:Gastric-Ep:Small-Int-Ep"
320,NA,"chr15",85227213,85228061,849,"*","Colon-Ep:Gastric-Ep:Small-Int-Ep"
321,NA,"chr8",8876452,8876551,100,"*","Colon-Ep:Gastric-Ep:Small-Int-Ep"
322,NA,"chr2",57781209,57781583,375,"*","Colon-Ep:Gastric-Ep:Small-Int-Ep"
323,NA,"chr22",18831857,18833231,1375,"*","Colon-Ep:Gastric-Ep:Small-Int-Ep"
324,NA,"chr2",131168569,131168872,304,"*","Colon-Ep:Gastric-Ep:Small-Int-Ep"
325,NA,"chr1",22702100,22702427,328,"*","Colon-Ep:Gastric-Ep:Small-Int-Ep"
326,NA,"chr3",142603516,142603643,128,"*","Colon-Ep:Small-Int-Ep"
327,NA,"chr10",97722006,97722058,53,"*","Colon-Ep:Small-Int-Ep"
328,NA,"chr17",68152439,68152664,226,"*","Colon-Ep:Small-Int-Ep"
329,NA,"chr7",11079827,11080301,475,"*","Colon-Ep:Small-Int-Ep"
330,NA,"chr2",199942089,199942314,226,"*","Colon-Ep:Small-Int-Ep"
331,NA,"chr14",55201634,55201819,186,"*","Colon-Ep:Small-Int-Ep"
332,NA,"chr15",72466079,72466849,771,"*","Colon-Ep:Small-Int-Ep"
333,NA,"chr21",44093478,44093651,174,"*","Colon-Ep:Small-Int-Ep"
334,NA,"chr6",160090944,160091497,554,"*","Colon-Ep:Small-Int-Ep"
335,NA,"chr17",82577522,82577958,437,"*","Colon-Ep:Small-Int-Ep"
336,NA,"chr2",96761794,96762343,550,"*","Colon-Ep:Small-Int-Ep"
337,NA,"chr19",38815223,38815716,494,"*","Colon-Ep:Small-Int-Ep"
338,NA,"chr6",136412100,136412144,45,"*","Colon-Ep:Small-Int-Ep"
339,NA,"chr17",82577231,82577489,259,"*","Colon-Ep:Small-Int-Ep"
340,NA,"chr22",31529433,31529998,566,"*","Colon-Ep:Small-Int-Ep"
341,NA,"chr18",24302568,24302926,359,"*","Colon-Ep:Small-Int-Ep"
342,NA,"chr2",169712595,169713252,658,"*","Colon-Ep:Small-Int-Ep"
343,NA,"chr11",120489668,120490398,731,"*","Colon-Ep:Small-Int-Ep"
344,NA,"chr4",724621,724838,218,"*","Colon-Ep:Small-Int-Ep"
345,NA,"chr11",76147890,76147951,62,"*","Colon-Ep:Small-Int-Ep"
346,NA,"chr16",70090944,70091065,122,"*","Colon-Ep:Small-Int-Ep"
347,NA,"chr11",61380803,61381275,473,"*","Colon-Ep:Small-Int-Ep"
348,NA,"chr10",1120170,1120374,205,"*","Colon-Ep:Small-Int-Ep"
349,NA,"chr13",113535308,113536176,869,"*","Colon-Ep:Small-Int-Ep"
350,NA,"chrY",19732711,19733079,369,"*","Colon-Ep:Small-Int-Ep"
351,NA,"chr3",57671794,57672104,311,"*","Colon-Fibro"
352,NA,"chr19",49457984,49458092,109,"*","Colon-Fibro"
353,NA,"chr15",38424027,38424238,212,"*","Colon-Fibro"
354,NA,"chr2",191295846,191296417,572,"*","Colon-Fibro:Heart-Fibro"
355,NA,"chr2",150539130,150539379,250,"*","Colon-Fibro:Heart-Fibro"
356,NA,"chr2",75538600,75538976,377,"*","Colon-Fibro:Heart-Fibro"
357,NA,"chr2",229071302,229071628,327,"*","Colon-Fibro:Heart-Fibro"
358,NA,"chr8",98372385,98372449,65,"*","Colon-Fibro:Heart-Fibro"
359,NA,"chr15",96121433,96121968,536,"*","Colon-Fibro:Heart-Fibro"
360,NA,"chr3",184715773,184715868,96,"*","Colon-Fibro:Heart-Fibro"
361,NA,"chr19",30092557,30092976,420,"*","Colon-Fibro:Heart-Fibro"
362,NA,"chr17",57140497,57140655,159,"*","Colon-Fibro:Heart-Fibro"
363,NA,"chr2",7969957,7970157,201,"*","Colon-Fibro:Heart-Fibro"
364,NA,"chr3",10955908,10956089,182,"*","Colon-Fibro:Heart-Fibro"
365,NA,"chr2",16019216,16019253,38,"*","Colon-Fibro:Heart-Fibro"
366,NA,"chr7",129146892,129147145,254,"*","Colon-Fibro:Heart-Fibro"
366,NA,"chr7",129147146,129147691,546,"*","Colon-Fibro:Heart-Fibro"
367,NA,"chr11",17015729,17015809,81,"*","Colon-Fibro:Heart-Fibro"
368,NA,"chr7",149912009,149912477,469,"*","Colon-Fibro:Heart-Fibro"
369,NA,"chr7",11203465,11204148,684,"*","Colon-Fibro:Heart-Fibro"
370,NA,"chr7",118964772,118965457,686,"*","Colon-Fibro:Heart-Fibro"
371,NA,"chr11",8356702,8356858,157,"*","Colon-Fibro:Heart-Fibro"
372,NA,"chr6",130981135,130982635,1501,"*","Colon-Fibro:Heart-Fibro"
373,NA,"chr9",110668226,110669336,1111,"*","Colon-Fibro:Heart-Fibro"
374,NA,"chrX",69195184,69195313,130,"*","Colon-Fibro:Heart-Fibro"
375,NA,"chr5",39380061,39380481,421,"*","Colon-Fibro:Heart-Fibro"
376,NA,"chr12",51810864,51811238,375,"*","Colon-Fibro:Heart-Fibro"
377,NA,"chr9",88218608,88219094,487,"*","Colon-Fibro:Heart-Fibro"
378,NA,"chr12",8410341,8410922,582,"*","Colon-Fibro:Heart-Fibro"
379,NA,"chr11",104584086,104584227,142,"*","Dermal-Fibro"
380,NA,"chr12",46905139,46905175,37,"*","Dermal-Fibro"
381,NA,"chr15",50392037,50392181,145,"*","Dermal-Fibro"
382,NA,"chr7",36610815,36611114,300,"*","Dermal-Fibro"
383,NA,"chr13",67909137,67909208,72,"*","Dermal-Fibro"
384,NA,"chr3",169533087,169533476,390,"*","Dermal-Fibro"
385,NA,"chrY",7419091,7419167,77,"*","Dermal-Fibro"
386,NA,"chr17",81416976,81417289,314,"*","Dermal-Fibro"
387,NA,"chr9",3689072,3689653,582,"*","Dermal-Fibro"
388,NA,"chr2",99074202,99074331,130,"*","Dermal-Fibro"
389,NA,"chr8",26381454,26381628,175,"*","Dermal-Fibro"
390,NA,"chrX",134899856,134900218,363,"*","Dermal-Fibro"
391,NA,"chr7",6226802,6227125,324,"*","Dermal-Fibro"
392,NA,"chr16",81149795,81149865,71,"*","Dermal-Fibro"
393,NA,"chr17",6248828,6249029,202,"*","Dermal-Fibro"
394,NA,"chr22",48665451,48665488,38,"*","Dermal-Fibro"
395,NA,"chr1",221907261,221907493,233,"*","Dermal-Fibro"
396,NA,"chr3",11749704,11750022,319,"*","Dermal-Fibro"
397,NA,"chr21",38649164,38649231,68,"*","Dermal-Fibro"
398,NA,"chr4",87620339,87621071,733,"*","Dermal-Fibro"
399,NA,"chr1",15892245,15892827,583,"*","Dermal-Fibro"
400,NA,"chr13",113917262,113917364,103,"*","Dermal-Fibro"
401,NA,"chr7",66203578,66203781,204,"*","Dermal-Fibro"
402,NA,"chr5",5132696,5132924,229,"*","Dermal-Fibro"
403,NA,"chr22",44109879,44110108,230,"*","Dermal-Fibro"
404,NA,"chr5",76718431,76718723,293,"*","Endothel"
405,NA,"chr17",82846324,82846390,67,"*","Endothel"
406,NA,"chr17",82844968,82845666,699,"*","Endothel"
407,NA,"chr17",82845784,82846313,530,"*","Endothel"
408,NA,"chr17",8311246,8311401,156,"*","Endothel"
409,NA,"chr5",78524132,78524517,386,"*","Endothel"
410,NA,"chr2",127659385,127659474,90,"*","Endothel"
411,NA,"chr5",32098172,32098390,219,"*","Endothel"
412,NA,"chr9",81929634,81930718,1085,"*","Endothel"
413,NA,"chr16",1512266,1512660,395,"*","Endothel"
414,NA,"chr19",11596223,11596432,210,"*","Endothel"
415,NA,"chr5",72557837,72558092,256,"*","Endothel"
416,NA,"chr2",159225224,159225546,323,"*","Endothel"
417,NA,"chr6",113496382,113496750,369,"*","Endothel"
418,NA,"chr11",65612273,65612492,220,"*","Endothel"
419,NA,"chr12",49646901,49646997,97,"*","Endothel"
420,NA,"chr17",82602493,82602577,85,"*","Endothel"
421,NA,"chr3",129607913,129608119,207,"*","Endothel"
422,NA,"chr14",103860162,103860281,120,"*","Endothel"
423,NA,"chr6",46947475,46947983,509,"*","Endothel"
424,NA,"chr11",110029747,110030093,347,"*","Endothel"
425,NA,"chr5",17170651,17171087,437,"*","Endothel"
426,NA,"chr2",127637382,127637605,224,"*","Endothel"
427,NA,"chr20",63688790,63688957,168,"*","Endothel"
428,NA,"chr9",136011555,136011633,79,"*","Endothel"
429,NA,"chrX",84862149,84862263,115,"*","Epid-Kerat"
430,NA,"chr8",70273282,70273407,126,"*","Epid-Kerat"
431,NA,"chr3",65852931,65853162,232,"*","Epid-Kerat"
432,NA,"chr19",54134755,54135159,405,"*","Epid-Kerat"
433,NA,"chr16",81377255,81377772,518,"*","Epid-Kerat"
434,NA,"chr10",8260770,8260879,110,"*","Epid-Kerat"
435,NA,"chr8",89855390,89855519,130,"*","Epid-Kerat"
436,NA,"chr21",44750054,44750314,261,"*","Epid-Kerat"
437,NA,"chr4",42440050,42440584,535,"*","Epid-Kerat"
438,NA,"chr8",20319041,20319269,229,"*","Epid-Kerat"
439,NA,"chr19",2230350,2230509,160,"*","Epid-Kerat"
440,NA,"chr1",5950648,5950918,271,"*","Epid-Kerat"
441,NA,"chr15",35028111,35028233,123,"*","Epid-Kerat"
442,NA,"chr2",15546684,15547680,997,"*","Epid-Kerat"
443,NA,"chr19",877313,877800,488,"*","Epid-Kerat"
444,NA,"chr17",10631477,10632012,536,"*","Epid-Kerat"
445,NA,"chr2",109054432,109054489,58,"*","Epid-Kerat"
446,NA,"chr8",16962817,16963017,201,"*","Epid-Kerat"
447,NA,"chr1",235880787,235880987,201,"*","Epid-Kerat"
448,NA,"chr19",45341580,45341722,143,"*","Epid-Kerat"
449,NA,"chr12",106355996,106356471,476,"*","Epid-Kerat"
450,NA,"chr13",27125515,27125983,469,"*","Epid-Kerat"
451,NA,"chr1",84563078,84563385,308,"*","Epid-Kerat"
452,NA,"chr11",62150088,62150333,246,"*","Epid-Kerat"
453,NA,"chr5",177433928,177434252,325,"*","Epid-Kerat"
454,NA,"chr15",98717491,98717661,171,"*","Eryth-prog"
455,NA,"chr5",145844459,145844621,163,"*","Eryth-prog"
456,NA,"chr6",34615690,34615889,200,"*","Eryth-prog"
457,NA,"chr19",13719935,13720025,91,"*","Eryth-prog"
458,NA,"chr19",14143104,14143260,157,"*","Eryth-prog"
459,NA,"chr8",42053388,42053475,88,"*","Eryth-prog"
460,NA,"chr22",43969345,43969846,502,"*","Eryth-prog"
461,NA,"chr15",34654621,34654887,267,"*","Eryth-prog"
462,NA,"chr12",113191370,113191594,225,"*","Eryth-prog"
463,NA,"chr19",55533775,55533830,56,"*","Eryth-prog"
464,NA,"chr13",102606666,102606766,101,"*","Eryth-prog"
465,NA,"chr1",159957555,159957711,157,"*","Eryth-prog"
466,NA,"chr21",33505874,33506237,364,"*","Eryth-prog"
467,NA,"chr15",84617296,84617393,98,"*","Eryth-prog"
468,NA,"chr19",12886932,12887129,198,"*","Eryth-prog"
469,NA,"chr16",399350,399654,305,"*","Eryth-prog"
470,NA,"chr7",2329372,2329526,155,"*","Eryth-prog"
471,NA,"chr9",136230523,136230584,62,"*","Eryth-prog"
472,NA,"chr16",399680,399814,135,"*","Eryth-prog"
473,NA,"chr10",45575395,45575604,210,"*","Eryth-prog"
474,NA,"chr1",21687145,21688109,965,"*","Eryth-prog"
475,NA,"chr5",140678758,140679821,1064,"*","Eryth-prog"
476,NA,"chr1",156757514,156758096,583,"*","Eryth-prog"
477,NA,"chr15",92939026,92939960,935,"*","Eryth-prog"
478,NA,"chr16",21536746,21536878,133,"*","Eryth-prog"
479,NA,"chr21",44063365,44063738,374,"*","Fallopian-Ep"
480,NA,"chr1",169196092,169196821,730,"*","Fallopian-Ep"
481,NA,"chr1",172610104,172610247,144,"*","Fallopian-Ep"
482,NA,"chr4",22602741,22602903,163,"*","Fallopian-Ep"
483,NA,"chr8",17492887,17493114,228,"*","Fallopian-Ep"
484,NA,"chr17",12998827,12999309,483,"*","Fallopian-Ep"
485,NA,"chr4",22601643,22602107,465,"*","Fallopian-Ep"
486,NA,"chr2",110229496,110230361,866,"*","Fallopian-Ep"
487,NA,"chr8",144194424,144194711,288,"*","Fallopian-Ep"
488,NA,"chr16",66644112,66644686,575,"*","Fallopian-Ep"
489,NA,"chr8",86434415,86434997,583,"*","Fallopian-Ep"
490,NA,"chr1",111418431,111419704,1274,"*","Fallopian-Ep"
491,NA,"chr3",130989623,130990403,781,"*","Fallopian-Ep"
492,NA,"chr6",28938862,28939647,786,"*","Fallopian-Ep"
493,NA,"chr1",111442837,111443029,193,"*","Fallopian-Ep"
494,NA,"chr8",63119494,63119870,377,"*","Fallopian-Ep"
495,NA,"chr8",73339,73418,80,"*","Fallopian-Ep"
496,NA,"chr7",123870684,123870788,105,"*","Fallopian-Ep"
497,NA,"chr16",83963719,83963958,240,"*","Fallopian-Ep"
498,NA,"chr2",216148736,216149633,898,"*","Fallopian-Ep"
499,NA,"chr3",136971420,136971557,138,"*","Fallopian-Ep"
500,NA,"chr2",172856974,172857471,498,"*","Fallopian-Ep"
501,NA,"chr12",75309078,75309392,315,"*","Fallopian-Ep"
502,NA,"chr2",206025790,206026119,330,"*","Fallopian-Ep"
503,NA,"chr15",76948147,76948932,786,"*","Fallopian-Ep"
504,NA,"chr1",28400233,28400328,96,"*","Fallopian-Ep:Ovary-Ep"
505,NA,"chr8",100878902,100879015,114,"*","Fallopian-Ep:Ovary-Ep"
506,NA,"chr20",23446502,23446590,89,"*","Fallopian-Ep:Ovary-Ep"
507,NA,"chr10",112384560,112384708,149,"*","Fallopian-Ep:Ovary-Ep"
508,NA,"chr1",46497723,46497813,91,"*","Fallopian-Ep:Ovary-Ep"
509,NA,"chr19",36040920,36041140,221,"*","Fallopian-Ep:Ovary-Ep"
510,NA,"chr7",2182313,2182821,509,"*","Fallopian-Ep:Ovary-Ep"
511,NA,"chr17",8549698,8549933,236,"*","Fallopian-Ep:Ovary-Ep"
512,NA,"chr7",149210882,149211326,445,"*","Fallopian-Ep:Ovary-Ep"
513,NA,"chr4",1911460,1911796,337,"*","Fallopian-Ep:Ovary-Ep"
514,NA,"chr2",11512842,11513125,284,"*","Fallopian-Ep:Ovary-Ep"
515,NA,"chr17",61084480,61084883,404,"*","Fallopian-Ep:Ovary-Ep"
516,NA,"chr2",236324804,236325194,391,"*","Fallopian-Ep:Ovary-Ep"
517,NA,"chr13",113143340,113143669,330,"*","Fallopian-Ep:Ovary-Ep"
518,NA,"chr1",28400640,28400737,98,"*","Fallopian-Ep:Ovary-Ep"
519,NA,"chr9",129193576,129193697,122,"*","Fallopian-Ep:Ovary-Ep"
520,NA,"chr14",103557765,103557908,144,"*","Fallopian-Ep:Ovary-Ep"
521,NA,"chr10",11363275,11363490,216,"*","Fallopian-Ep:Ovary-Ep"
522,NA,"chr6",151773404,151773933,530,"*","Fallopian-Ep:Ovary-Ep"
523,NA,"chr3",17276781,17277497,717,"*","Fallopian-Ep:Ovary-Ep"
524,NA,"chr19",29833695,29833944,250,"*","Fallopian-Ep:Ovary-Ep"
525,NA,"chr2",44582064,44582896,833,"*","Fallopian-Ep:Ovary-Ep"
526,NA,"chr4",82786517,82786780,264,"*","Fallopian-Ep:Ovary-Ep"
527,NA,"chr9",129871334,129871630,297,"*","Fallopian-Ep:Ovary-Ep"
528,NA,"chr16",74432926,74433212,287,"*","Fallopian-Ep:Ovary-Ep"
529,NA,"chr18",3214679,3215157,479,"*","Gallbladder"
530,NA,"chr19",55227059,55227372,314,"*","Gallbladder"
531,NA,"chr17",81462529,81462815,287,"*","Gallbladder"
532,NA,"chr17",62140506,62140635,130,"*","Gallbladder"
533,NA,"chr11",1228579,1228667,89,"*","Gallbladder"
534,NA,"chr3",171751618,171751998,381,"*","Gallbladder"
535,NA,"chr1",167916245,167916356,112,"*","Gallbladder"
536,NA,"chr3",149480923,149481155,233,"*","Gallbladder"
537,NA,"chr14",51025062,51025344,283,"*","Gallbladder"
538,NA,"chr4",39176256,39176369,114,"*","Gallbladder"
539,NA,"chr6",110951664,110951996,333,"*","Gallbladder"
540,NA,"chr3",71108626,71108720,95,"*","Gallbladder"
541,NA,"chr17",81462220,81462451,232,"*","Gallbladder"
542,NA,"chr3",171745846,171746004,159,"*","Gallbladder"
543,NA,"chr17",62140188,62140461,274,"*","Gallbladder"
544,NA,"chr11",1226601,1226749,149,"*","Gallbladder"
545,NA,"chr3",184353323,184353903,581,"*","Gallbladder"
546,NA,"chr3",142019086,142019561,476,"*","Gallbladder"
547,NA,"chr14",63640551,63640655,105,"*","Gallbladder"
548,NA,"chr11",1222070,1222376,307,"*","Gallbladder"
549,NA,"chr17",81956419,81956518,100,"*","Gallbladder"
550,NA,"chr8",89756090,89756335,246,"*","Gallbladder"
551,NA,"chr19",55230639,55231120,482,"*","Gallbladder"
552,NA,"chr19",55227412,55227802,391,"*","Gallbladder"
553,NA,"chr8",8225991,8226715,725,"*","Gallbladder"
554,NA,"chr13",28263834,28263980,147,"*","Gastric-Ep"
555,NA,"chr3",65183212,65183269,58,"*","Gastric-Ep"
556,NA,"chr5",140247861,140248181,321,"*","Gastric-Ep"
557,NA,"chr6",126015205,126015510,306,"*","Gastric-Ep"
558,NA,"chr2",36891382,36892017,636,"*","Gastric-Ep"
559,NA,"chr3",137998823,137999059,237,"*","Gastric-Ep"
560,NA,"chr16",71810384,71811169,786,"*","Gastric-Ep"
561,NA,"chr1",117071962,117072528,567,"*","Gastric-Ep"
562,NA,"chr18",57654561,57654756,196,"*","Gastric-Ep"
563,NA,"chr6",118833518,118833864,347,"*","Gastric-Ep"
564,NA,"chr7",152469423,152469792,370,"*","Gastric-Ep"
565,NA,"chr2",102478950,102479443,494,"*","Gastric-Ep"
566,NA,"chr2",231420007,231420070,64,"*","Gastric-Ep"
567,NA,"chr2",97759537,97759772,236,"*","Gastric-Ep"
568,NA,"chr9",133385048,133385214,167,"*","Gastric-Ep"
569,NA,"chr21",34366342,34366708,367,"*","Gastric-Ep"
570,NA,"chr21",34366754,34367105,352,"*","Gastric-Ep"
571,NA,"chr19",41161123,41161739,617,"*","Gastric-Ep"
572,NA,"chr4",25302821,25303096,276,"*","Gastric-Ep"
573,NA,"chr1",54339634,54339950,317,"*","Gastric-Ep"
574,NA,"chr16",14908433,14909543,1111,"*","Gastric-Ep"
575,NA,"chr4",1371157,1371642,486,"*","Gastric-Ep"
576,NA,"chr2",17680961,17681715,755,"*","Gastric-Ep"
577,NA,"chr15",85227213,85228061,849,"*","Gastric-Ep"
578,NA,"chr22",18831857,18833231,1375,"*","Gastric-Ep"
579,NA,"chr12",116962971,116963461,491,"*","Gastric-Ep:Small-Int-Ep"
580,NA,"chr8",125358984,125359216,233,"*","Gastric-Ep:Small-Int-Ep"
581,NA,"chr9",76461314,76461868,555,"*","Gastric-Ep:Small-Int-Ep"
582,NA,"chr12",98575199,98575658,460,"*","Gastric-Ep:Small-Int-Ep"
583,NA,"chr6",73409320,73409945,626,"*","Gastric-Ep:Small-Int-Ep"
584,NA,"chr9",110266583,110266639,57,"*","Gastric-Ep:Small-Int-Ep"
585,NA,"chr16",31023041,31023086,46,"*","Gastric-Ep:Small-Int-Ep"
586,NA,"chr11",67323586,67323778,193,"*","Gastric-Ep:Small-Int-Ep"
587,NA,"chr15",85227213,85228061,849,"*","Gastric-Ep:Small-Int-Ep"
588,NA,"chr18",23609243,23610253,1011,"*","Gastric-Ep:Small-Int-Ep"
589,NA,"chr22",18831857,18833231,1375,"*","Gastric-Ep:Small-Int-Ep"
590,NA,"chr7",103392608,103392664,57,"*","Gastric-Ep:Small-Int-Ep"
591,NA,"chr7",74786698,74786794,97,"*","Gastric-Ep:Small-Int-Ep"
592,NA,"chr6",147557927,147558456,530,"*","Gastric-Ep:Small-Int-Ep"
593,NA,"chr12",119693934,119694137,204,"*","Gastric-Ep:Small-Int-Ep"
594,NA,"chr7",107019183,107019314,132,"*","Gastric-Ep:Small-Int-Ep"
595,NA,"chr10",122050291,122050470,180,"*","Gastric-Ep:Small-Int-Ep"
596,NA,"chr6",125991442,125991593,152,"*","Gastric-Ep:Small-Int-Ep"
597,NA,"chr8",41815964,41816346,383,"*","Gastric-Ep:Small-Int-Ep"
598,NA,"chr7",74246088,74246331,244,"*","Gastric-Ep:Small-Int-Ep"
599,NA,"chr12",75948533,75948588,56,"*","Gastric-Ep:Small-Int-Ep"
600,NA,"chr6",140860160,140860207,48,"*","Gastric-Ep:Small-Int-Ep"
601,NA,"chr1",28477230,28477327,98,"*","Gastric-Ep:Small-Int-Ep"
602,NA,"chr10",99937687,99938521,835,"*","Gastric-Ep:Small-Int-Ep"
603,NA,"chr4",9176602,9176843,242,"*","Gastric-Ep:Small-Int-Ep"
604,NA,"chr1",232236912,232236923,12,"*","Head-Neck-Ep"
605,NA,"chr22",45161693,45161918,226,"*","Head-Neck-Ep"
606,NA,"chr9",116476148,116476431,284,"*","Head-Neck-Ep"
607,NA,"chr9",136651987,136652178,192,"*","Head-Neck-Ep"
608,NA,"chr7",102009289,102009540,252,"*","Head-Neck-Ep"
609,NA,"chr4",68152912,68153007,96,"*","Head-Neck-Ep"
610,NA,"chr22",47040657,47040968,312,"*","Head-Neck-Ep"
611,NA,"chr9",104346857,104347234,378,"*","Head-Neck-Ep"
612,NA,"chr12",52857566,52857968,403,"*","Head-Neck-Ep"
613,NA,"chr7",108210963,108211502,540,"*","Head-Neck-Ep"
614,NA,"chr22",50516164,50516565,402,"*","Head-Neck-Ep"
615,NA,"chr3",126931863,126931978,116,"*","Head-Neck-Ep"
616,NA,"chr22",43081610,43082435,826,"*","Head-Neck-Ep"
617,NA,"chr2",65023994,65024093,100,"*","Head-Neck-Ep"
618,NA,"chr1",54630392,54630649,258,"*","Head-Neck-Ep"
619,NA,"chr7",110919596,110919899,304,"*","Head-Neck-Ep"
620,NA,"chr13",67886405,67886491,87,"*","Head-Neck-Ep"
621,NA,"chr2",120793381,120793702,322,"*","Head-Neck-Ep"
622,NA,"chr1",248844497,248844656,160,"*","Head-Neck-Ep"
623,NA,"chr11",128648866,128649216,351,"*","Head-Neck-Ep"
624,NA,"chrY",5807210,5807491,282,"*","Head-Neck-Ep"
625,NA,"chr22",33260479,33260617,139,"*","Head-Neck-Ep"
626,NA,"chr11",130373102,130373163,62,"*","Head-Neck-Ep"
627,NA,"chr16",21557886,21558044,159,"*","Head-Neck-Ep"
628,NA,"chr17",36439690,36440379,690,"*","Head-Neck-Ep"
628,NA,"chr17",36440385,36440636,252,"*","Head-Neck-Ep"
629,NA,"chr17",47212085,47212204,120,"*","Heart-Cardio"
630,NA,"chr12",1970915,1971690,776,"*","Heart-Cardio"
631,NA,"chr1",151023490,151023547,58,"*","Heart-Cardio"
632,NA,"chr6",504028,504466,439,"*","Heart-Cardio"
633,NA,"chr14",31173042,31173255,214,"*","Heart-Cardio"
634,NA,"chr14",52010562,52011009,448,"*","Heart-Cardio"
635,NA,"chr12",1643186,1643555,370,"*","Heart-Cardio"
636,NA,"chr21",46555499,46556082,584,"*","Heart-Cardio"
637,NA,"chr3",151881290,151881385,96,"*","Heart-Cardio"
638,NA,"chr9",131235699,131236192,494,"*","Heart-Cardio"
639,NA,"chr19",2797237,2797662,426,"*","Heart-Cardio"
640,NA,"chr1",11846130,11847213,1084,"*","Heart-Cardio"
641,NA,"chr11",68783400,68783869,470,"*","Heart-Cardio"
642,NA,"chr15",43879006,43879832,827,"*","Heart-Cardio"
643,NA,"chr3",177272088,177272469,382,"*","Heart-Cardio"
644,NA,"chr19",3965030,3965383,354,"*","Heart-Cardio"
645,NA,"chr12",113274718,113275117,400,"*","Heart-Cardio"
646,NA,"chr1",85691634,85691747,114,"*","Heart-Cardio"
647,NA,"chr13",23358315,23358574,260,"*","Heart-Cardio"
648,NA,"chr22",41646130,41646503,374,"*","Heart-Cardio"
649,NA,"chr11",68782847,68783308,462,"*","Heart-Cardio"
650,NA,"chr10",69331345,69331696,352,"*","Heart-Cardio"
651,NA,"chr7",2213848,2214406,559,"*","Heart-Cardio"
652,NA,"chr5",135350771,135350885,115,"*","Heart-Cardio"
653,NA,"chr16",3765166,3765348,183,"*","Heart-Cardio"
654,NA,"chr12",124207934,124207984,51,"*","Heart-Cardio:Heart-Fibro"
655,NA,"chr2",204130377,204130425,49,"*","Heart-Cardio:Heart-Fibro"
656,NA,"chr8",139835488,139835840,353,"*","Heart-Cardio:Heart-Fibro"
657,NA,"chr12",124208160,124208276,117,"*","Heart-Cardio:Heart-Fibro"
658,NA,"chr13",29524123,29524368,246,"*","Heart-Cardio:Heart-Fibro"
659,NA,"chr7",35245026,35245624,599,"*","Heart-Cardio:Heart-Fibro"
660,NA,"chr7",150792390,150792747,358,"*","Heart-Cardio:Heart-Fibro"
661,NA,"chr1",205842506,205842847,342,"*","Heart-Cardio:Heart-Fibro"
662,NA,"chr10",50681081,50681265,185,"*","Heart-Cardio:Heart-Fibro"
663,NA,"chr11",116858021,116858314,294,"*","Heart-Cardio:Heart-Fibro"
664,NA,"chr1",19057143,19057435,293,"*","Heart-Cardio:Heart-Fibro"
665,NA,"chr6",163844456,163844659,204,"*","Heart-Cardio:Heart-Fibro"
666,NA,"chr8",36931069,36931428,360,"*","Heart-Cardio:Heart-Fibro"
667,NA,"chr6",56620343,56620771,429,"*","Heart-Cardio:Heart-Fibro"
668,NA,"chr1",165409574,165409994,421,"*","Heart-Cardio:Heart-Fibro"
669,NA,"chr17",80872218,80872445,228,"*","Heart-Cardio:Heart-Fibro"
670,NA,"chr7",35231965,35232821,857,"*","Heart-Cardio:Heart-Fibro"
671,NA,"chr21",43318432,43318587,156,"*","Heart-Cardio:Heart-Fibro"
672,NA,"chr17",76698519,76698964,446,"*","Heart-Cardio:Heart-Fibro"
673,NA,"chr3",39186571,39186779,209,"*","Heart-Cardio:Heart-Fibro"
674,NA,"chr6",7425345,7425419,75,"*","Heart-Cardio:Heart-Fibro"
675,NA,"chr19",53013705,53014201,497,"*","Heart-Cardio:Heart-Fibro"
676,NA,"chr4",3910089,3910465,377,"*","Heart-Cardio:Heart-Fibro"
677,NA,"chr1",116572685,116573394,710,"*","Heart-Cardio:Heart-Fibro"
678,NA,"chr10",10912619,10912808,190,"*","Heart-Cardio:Heart-Fibro"
679,NA,"chr10",119283495,119283796,302,"*","Heart-Cardio:Skeletal-Musc:Smooth-Musc"
680,NA,"chr3",14522587,14522739,153,"*","Heart-Cardio:Skeletal-Musc:Smooth-Musc"
681,NA,"chr13",102700860,102700919,60,"*","Heart-Cardio:Skeletal-Musc:Smooth-Musc"
682,NA,"chr12",108788635,108788808,174,"*","Heart-Cardio:Skeletal-Musc:Smooth-Musc"
683,NA,"chr7",139896900,139897061,162,"*","Heart-Cardio:Skeletal-Musc:Smooth-Musc"
684,NA,"chr3",194856345,194856750,406,"*","Heart-Cardio:Skeletal-Musc:Smooth-Musc"
685,NA,"chr3",62097103,62097496,394,"*","Heart-Cardio:Skeletal-Musc:Smooth-Musc"
686,NA,"chr3",75379176,75379368,193,"*","Heart-Cardio:Skeletal-Musc:Smooth-Musc"
687,NA,"chr4",168640073,168640258,186,"*","Heart-Cardio:Skeletal-Musc:Smooth-Musc"
688,NA,"chr17",76131012,76131422,411,"*","Heart-Cardio:Skeletal-Musc:Smooth-Musc"
689,NA,"chr1",6065491,6065652,162,"*","Heart-Cardio:Skeletal-Musc:Smooth-Musc"
690,NA,"chr1",208394819,208395024,206,"*","Heart-Cardio:Skeletal-Musc:Smooth-Musc"
691,NA,"chr2",64340770,64341048,279,"*","Heart-Cardio:Skeletal-Musc:Smooth-Musc"
692,NA,"chr1",229863654,229863742,89,"*","Heart-Cardio:Skeletal-Musc:Smooth-Musc"
693,NA,"chr5",34042871,34043036,166,"*","Heart-Cardio:Skeletal-Musc:Smooth-Musc"
694,NA,"chr18",36446156,36446301,146,"*","Heart-Cardio:Skeletal-Musc:Smooth-Musc"
695,NA,"chr12",94265503,94265764,262,"*","Heart-Cardio:Skeletal-Musc:Smooth-Musc"
696,NA,"chr11",54967543,54968506,964,"*","Heart-Cardio:Skeletal-Musc:Smooth-Musc"
697,NA,"chr2",235617967,235618158,192,"*","Heart-Fibro"
698,NA,"chr1",20029350,20029407,58,"*","Heart-Fibro"
699,NA,"chr6",169167682,169167970,289,"*","Heart-Fibro"
700,NA,"chr8",139835297,139835479,183,"*","Heart-Fibro"
701,NA,"chr21",25850860,25850958,99,"*","Heart-Fibro"
702,NA,"chr6",169168764,169169045,282,"*","Heart-Fibro"
703,NA,"chr16",54976983,54977085,103,"*","Heart-Fibro"
704,NA,"chr20",11989149,11989318,170,"*","Heart-Fibro"
705,NA,"chr4",17082043,17082545,503,"*","Heart-Fibro"
706,NA,"chr17",10907246,10907557,312,"*","Heart-Fibro"
707,NA,"chr13",47185996,47186120,125,"*","Heart-Fibro"
708,NA,"chr21",39661960,39662156,197,"*","Heart-Fibro"
709,NA,"chr8",48197666,48197842,177,"*","Heart-Fibro"
710,NA,"chr10",78732846,78733088,243,"*","Heart-Fibro"
711,NA,"chr16",72906060,72906209,150,"*","Heart-Fibro"
712,NA,"chr7",85132987,85133503,517,"*","Heart-Fibro"
713,NA,"chr7",3998749,3999142,394,"*","Heart-Fibro"
714,NA,"chr1",198268506,198268744,239,"*","Heart-Fibro"
715,NA,"chr22",46298801,46299741,941,"*","Heart-Fibro"
716,NA,"chr7",35530282,35530476,195,"*","Heart-Fibro"
717,NA,"chr17",3768512,3768650,139,"*","Heart-Fibro"
718,NA,"chr16",890791,891095,305,"*","Heart-Fibro"
719,NA,"chr19",3012450,3012867,418,"*","Heart-Fibro"
720,NA,"chr16",22004769,22006048,1280,"*","Heart-Fibro"
721,NA,"chr2",24252171,24253254,1084,"*","Heart-Fibro"
722,NA,"chr18",44711020,44711221,202,"*","Kidney-Ep"
723,NA,"chr3",125343687,125344069,383,"*","Kidney-Ep"
724,NA,"chr13",95433175,95433716,542,"*","Kidney-Ep"
725,NA,"chr2",98685874,98686174,301,"*","Kidney-Ep"
726,NA,"chr16",12515601,12515867,267,"*","Kidney-Ep"
727,NA,"chr5",131371336,131371981,646,"*","Kidney-Ep"
728,NA,"chr7",12544337,12544437,101,"*","Kidney-Ep"
729,NA,"chr7",88011307,88011527,221,"*","Kidney-Ep"
730,NA,"chr5",75530312,75530878,567,"*","Kidney-Ep"
731,NA,"chr11",939169,939468,300,"*","Kidney-Ep"
732,NA,"chrY",14375177,14375417,241,"*","Kidney-Ep"
733,NA,"chr19",8000023,8000119,97,"*","Kidney-Ep"
734,NA,"chr4",28640756,28641026,271,"*","Kidney-Ep"
735,NA,"chr1",70195694,70195888,195,"*","Kidney-Ep"
736,NA,"chr8",67411168,67411246,79,"*","Kidney-Ep"
737,NA,"chr7",8136197,8136551,355,"*","Kidney-Ep"
738,NA,"chr5",113618284,113618404,121,"*","Kidney-Ep"
739,NA,"chr3",193060566,193060697,132,"*","Kidney-Ep"
740,NA,"chr6",149547056,149547293,238,"*","Kidney-Ep"
741,NA,"chr10",926731,927005,275,"*","Kidney-Ep"
742,NA,"chr11",35494394,35494629,236,"*","Kidney-Ep"
743,NA,"chr10",133306562,133307137,576,"*","Kidney-Ep"
744,NA,"chr10",97491537,97491907,371,"*","Kidney-Ep"
745,NA,"chr4",128814077,128814349,273,"*","Kidney-Ep"
746,NA,"chr16",72004778,72005143,366,"*","Kidney-Ep"
747,NA,"chr10",47683094,47683475,382,"*","Liver-Hep"
748,NA,"chr1",9554214,9554463,250,"*","Liver-Hep"
749,NA,"chr6",160079556,160080020,465,"*","Liver-Hep"
750,NA,"chr6",133976627,133976771,145,"*","Liver-Hep"
751,NA,"chr22",17731329,17731404,76,"*","Liver-Hep"
752,NA,"chr14",34758494,34759244,751,"*","Liver-Hep"
753,NA,"chr2",230520419,230520663,245,"*","Liver-Hep"
754,NA,"chr15",90651466,90651603,138,"*","Liver-Hep"
755,NA,"chr4",109513322,109513572,251,"*","Liver-Hep"
756,NA,"chr4",3104183,3104294,112,"*","Liver-Hep"
757,NA,"chr15",41257305,41257987,683,"*","Liver-Hep"
758,NA,"chr17",82026131,82026496,366,"*","Liver-Hep"
759,NA,"chr10",97302500,97302837,338,"*","Liver-Hep"
760,NA,"chr9",130598960,130599120,161,"*","Liver-Hep"
761,NA,"chr20",34408178,34409152,975,"*","Liver-Hep"
762,NA,"chr9",26907262,26907312,51,"*","Liver-Hep"
763,NA,"chr19",44942823,44943008,186,"*","Liver-Hep"
764,NA,"chr5",32229645,32229826,182,"*","Liver-Hep"
765,NA,"chr6",37146714,37147172,459,"*","Liver-Hep"
766,NA,"chr7",74709954,74710428,475,"*","Liver-Hep"
767,NA,"chr3",52211314,52211701,388,"*","Liver-Hep"
768,NA,"chr16",67771309,67771761,453,"*","Liver-Hep"
769,NA,"chr17",82483057,82483301,245,"*","Liver-Hep"
770,NA,"chr15",40666989,40667115,127,"*","Liver-Hep"
771,NA,"chr12",111577017,111577335,319,"*","Liver-Hep"
772,NA,"chr16",22352109,22352514,406,"*","Lung-Ep-Alveo"
773,NA,"chr15",41735158,41735728,571,"*","Lung-Ep-Alveo"
774,NA,"chr20",13809726,13810387,662,"*","Lung-Ep-Alveo"
775,NA,"chr16",628028,628174,147,"*","Lung-Ep-Alveo"
776,NA,"chr6",138562569,138562865,297,"*","Lung-Ep-Alveo"
777,NA,"chr12",640634,641672,1039,"*","Lung-Ep-Alveo"
778,NA,"chr4",102716223,102717251,1029,"*","Lung-Ep-Alveo"
779,NA,"chr11",70526501,70526689,189,"*","Lung-Ep-Alveo"
780,NA,"chr1",244660421,244660516,96,"*","Lung-Ep-Alveo"
781,NA,"chr2",73496737,73496999,263,"*","Lung-Ep-Alveo"
782,NA,"chr15",57333804,57334247,444,"*","Lung-Ep-Alveo"
783,NA,"chr22",45713915,45714378,464,"*","Lung-Ep-Alveo"
784,NA,"chr6",151262022,151262251,230,"*","Lung-Ep-Alveo"
785,NA,"chr19",4111122,4111729,608,"*","Lung-Ep-Alveo"
786,NA,"chr2",202289406,202290024,619,"*","Lung-Ep-Alveo"
787,NA,"chr2",159229660,159230061,402,"*","Lung-Ep-Alveo"
788,NA,"chr14",96324411,96324578,168,"*","Lung-Ep-Alveo"
789,NA,"chr2",85656721,85657902,1182,"*","Lung-Ep-Alveo"
790,NA,"chr2",85658572,85659314,743,"*","Lung-Ep-Alveo"
791,NA,"chr5",62461426,62461754,329,"*","Lung-Ep-Alveo"
792,NA,"chr17",5430359,5431130,772,"*","Lung-Ep-Alveo"
793,NA,"chr7",149161670,149162243,574,"*","Lung-Ep-Alveo"
794,NA,"chr17",56993812,56994296,485,"*","Lung-Ep-Alveo"
795,NA,"chr1",28529483,28529998,516,"*","Lung-Ep-Alveo"
796,NA,"chr2",111869312,111870265,954,"*","Lung-Ep-Alveo"
797,NA,"chr9",123221562,123221981,420,"*","Lung-Ep-Alveo:Lung-Ep-Bron"
798,NA,"chr2",231248574,231248636,63,"*","Lung-Ep-Alveo:Lung-Ep-Bron"
799,NA,"chr6",31222173,31222399,227,"*","Lung-Ep-Alveo:Lung-Ep-Bron"
800,NA,"chr14",87432802,87433069,268,"*","Lung-Ep-Alveo:Lung-Ep-Bron"
801,NA,"chr15",25617962,25618567,606,"*","Lung-Ep-Alveo:Lung-Ep-Bron"
802,NA,"chr8",110821685,110821995,311,"*","Lung-Ep-Alveo:Lung-Ep-Bron"
803,NA,"chr20",61910295,61910389,95,"*","Lung-Ep-Alveo:Lung-Ep-Bron"
804,NA,"chr1",71190934,71191191,258,"*","Lung-Ep-Alveo:Lung-Ep-Bron"
805,NA,"chr1",43837741,43838311,571,"*","Lung-Ep-Alveo:Lung-Ep-Bron"
806,NA,"chr11",76237253,76237485,233,"*","Lung-Ep-Alveo:Lung-Ep-Bron"
807,NA,"chr9",86221297,86221475,179,"*","Lung-Ep-Alveo:Lung-Ep-Bron"
808,NA,"chr15",65733265,65734256,992,"*","Lung-Ep-Alveo:Lung-Ep-Bron"
809,NA,"chr1",28527738,28528078,341,"*","Lung-Ep-Alveo:Lung-Ep-Bron"
810,NA,"chr8",133589861,133589961,101,"*","Lung-Ep-Alveo:Lung-Ep-Bron"
811,NA,"chr9",31633244,31633449,206,"*","Lung-Ep-Alveo:Lung-Ep-Bron"
812,NA,"chr6",121101939,121102165,227,"*","Lung-Ep-Alveo:Lung-Ep-Bron"
813,NA,"chr16",18644589,18645097,509,"*","Lung-Ep-Alveo:Lung-Ep-Bron"
814,NA,"chr4",819354,819532,179,"*","Lung-Ep-Alveo:Lung-Ep-Bron"
815,NA,"chr3",53127951,53128096,146,"*","Lung-Ep-Alveo:Lung-Ep-Bron"
816,NA,"chr4",95600520,95601160,641,"*","Lung-Ep-Alveo:Lung-Ep-Bron"
817,NA,"chr3",125898925,125899361,437,"*","Lung-Ep-Alveo:Lung-Ep-Bron"
818,NA,"chr7",157110829,157111223,395,"*","Lung-Ep-Alveo:Lung-Ep-Bron"
819,NA,"chr5",55933025,55933710,686,"*","Lung-Ep-Alveo:Lung-Ep-Bron"
820,NA,"chr7",66609592,66609827,236,"*","Lung-Ep-Alveo:Lung-Ep-Bron"
821,NA,"chr7",155396948,155397049,102,"*","Lung-Ep-Alveo:Lung-Ep-Bron"
822,NA,"chr6",151096652,151097232,581,"*","Lung-Ep-Bron"
823,NA,"chr16",23397097,23397516,420,"*","Lung-Ep-Bron"
824,NA,"chr1",7991117,7991683,567,"*","Lung-Ep-Bron"
825,NA,"chr5",54137510,54138276,767,"*","Lung-Ep-Bron"
826,NA,"chr17",8306101,8306236,136,"*","Lung-Ep-Bron"
827,NA,"chr8",26435956,26436268,313,"*","Lung-Ep-Bron"
828,NA,"chr17",66278804,66278950,147,"*","Lung-Ep-Bron"
829,NA,"chr17",57950211,57950303,93,"*","Lung-Ep-Bron"
830,NA,"chr5",132896188,132896565,378,"*","Lung-Ep-Bron"
831,NA,"chr17",66575838,66576255,418,"*","Lung-Ep-Bron"
832,NA,"chr11",120207137,120207366,230,"*","Lung-Ep-Bron"
833,NA,"chr8",58671325,58671465,141,"*","Lung-Ep-Bron"
834,NA,"chr2",61803465,61803554,90,"*","Lung-Ep-Bron"
835,NA,"chr21",32500310,32500808,499,"*","Lung-Ep-Bron"
836,NA,"chr3",132481867,132482621,755,"*","Lung-Ep-Bron"
837,NA,"chr8",71354377,71354972,596,"*","Lung-Ep-Bron"
838,NA,"chr1",78520528,78521211,684,"*","Lung-Ep-Bron"
839,NA,"chr14",50594378,50594976,599,"*","Lung-Ep-Bron"
840,NA,"chr18",46504690,46504887,198,"*","Lung-Ep-Bron"
841,NA,"chr3",148032019,148032238,220,"*","Lung-Ep-Bron"
842,NA,"chr8",71357751,71357882,132,"*","Lung-Ep-Bron"
843,NA,"chr16",56766005,56766984,980,"*","Lung-Ep-Bron"
844,NA,"chr17",55254186,55254480,295,"*","Lung-Ep-Bron"
845,NA,"chr7",65251435,65251621,187,"*","Lung-Ep-Bron"
846,NA,"chr1",43839879,43840748,870,"*","Lung-Ep-Bron"
847,NA,"chr7",128030416,128030582,167,"*","Neuron"
848,NA,"chr1",229340917,229341189,273,"*","Neuron"
849,NA,"chr19",18202467,18202545,79,"*","Neuron"
850,NA,"chr2",209661896,209662345,450,"*","Neuron"
851,NA,"chr1",156418438,156418552,115,"*","Neuron"
852,NA,"chr19",14203853,14204053,201,"*","Neuron"
853,NA,"chr1",151711596,151711796,201,"*","Neuron"
854,NA,"chr19",5121253,5121827,575,"*","Neuron"
855,NA,"chr2",85431243,85431873,631,"*","Neuron"
856,NA,"chr2",51026934,51027176,243,"*","Neuron"
857,NA,"chr9",130235886,130235956,71,"*","Neuron"
858,NA,"chr22",18851395,18851609,215,"*","Neuron"
859,NA,"chr19",11356117,11356381,265,"*","Neuron"
860,NA,"chr1",2384160,2384745,586,"*","Neuron"
861,NA,"chr18",13374255,13374753,499,"*","Neuron"
862,NA,"chr17",45099846,45099906,61,"*","Neuron"
863,NA,"chr11",1280405,1280696,292,"*","Neuron"
864,NA,"chr7",44388313,44388640,328,"*","Neuron"
865,NA,"chr17",80468916,80469000,85,"*","Neuron"
866,NA,"chr5",146606730,146606925,196,"*","Neuron"
867,NA,"chr9",66744607,66744715,109,"*","Neuron"
867,NA,"chr9",66744780,66744888,109,"*","Neuron"
867,NA,"chr9",66744913,66744981,69,"*","Neuron"
867,NA,"chr9",66745028,66745322,295,"*","Neuron"
867,NA,"chr9",39632384,39632418,35,"*","Neuron"
867,NA,"chr9",42385915,42385978,64,"*","Neuron"
867,NA,"chr9",42385669,42385712,44,"*","Neuron"
867,NA,"chr9",42385373,42385373,1,"*","Neuron"
868,NA,"chr16",2101612,2102292,681,"*","Neuron"
869,NA,"chr17",58325529,58325695,167,"*","Neuron"
870,NA,"chr20",63664503,63664830,328,"*","Neuron"
871,NA,"chr22",44947320,44947435,116,"*","Neuron"
872,NA,"chr16",72425250,72425843,594,"*","Neuron:Oligodend"
873,NA,"chr16",72425886,72426405,520,"*","Neuron:Oligodend"
874,NA,"chr3",42149426,42149701,276,"*","Neuron:Oligodend"
875,NA,"chr18",55347194,55347482,289,"*","Neuron:Oligodend"
876,NA,"chr16",72426544,72426817,274,"*","Neuron:Oligodend"
877,NA,"chr16",72428888,72429493,606,"*","Neuron:Oligodend"
878,NA,"chr1",2075420,2075872,453,"*","Neuron:Oligodend"
879,NA,"chr19",35776392,35776727,336,"*","Neuron:Oligodend"
880,NA,"chr1",243470624,243471090,467,"*","Neuron:Oligodend"
881,NA,"chr17",28372989,28373168,180,"*","Neuron:Oligodend"
882,NA,"chr8",25685368,25685446,79,"*","Neuron:Oligodend"
883,NA,"chrX",71147744,71147990,247,"*","Neuron:Oligodend"
884,NA,"chr10",129896411,129896509,99,"*","Neuron:Oligodend"
885,NA,"chr1",155872169,155873102,934,"*","Neuron:Oligodend"
886,NA,"chr3",51697022,51697216,195,"*","Neuron:Oligodend"
887,NA,"chr8",25685620,25685721,102,"*","Neuron:Oligodend"
888,NA,"chr11",63683822,63684172,351,"*","Neuron:Oligodend"
889,NA,"chr7",102080009,102080456,448,"*","Neuron:Oligodend"
890,NA,"chr12",49185197,49186318,1122,"*","Neuron:Oligodend"
891,NA,"chr8",26588597,26589295,699,"*","Neuron:Oligodend"
892,NA,"chr22",30695755,30696183,429,"*","Neuron:Oligodend"
893,NA,"chr3",33641824,33642517,694,"*","Neuron:Oligodend"
894,NA,"chr19",50542970,50543109,140,"*","Neuron:Oligodend"
895,NA,"chr6",161256605,161256966,362,"*","Neuron:Oligodend"
896,NA,"chr8",26581229,26581617,389,"*","Neuron:Oligodend"
897,NA,"chr11",113234978,113235165,188,"*","Oligodend"
898,NA,"chr11",61636809,61636862,54,"*","Oligodend"
899,NA,"chr17",60481943,60482071,129,"*","Oligodend"
900,NA,"chr9",112747355,112747639,285,"*","Oligodend"
901,NA,"chr10",100932726,100932737,12,"*","Oligodend"
902,NA,"chr18",77010943,77011693,751,"*","Oligodend"
903,NA,"chr4",2875931,2876052,122,"*","Oligodend"
904,NA,"chr12",122848344,122848489,146,"*","Oligodend"
905,NA,"chr18",8639633,8639798,166,"*","Oligodend"
906,NA,"chr6",17839508,17839796,289,"*","Oligodend"
907,NA,"chr18",77009835,77009975,141,"*","Oligodend"
908,NA,"chr1",229482423,229482762,340,"*","Oligodend"
909,NA,"chr18",77005958,77006471,514,"*","Oligodend"
910,NA,"chr18",76998257,76998420,164,"*","Oligodend"
911,NA,"chr14",33788113,33788503,391,"*","Oligodend"
912,NA,"chr12",120514006,120514368,363,"*","Oligodend"
913,NA,"chr4",184786609,184786797,189,"*","Oligodend"
914,NA,"chr7",911836,912349,514,"*","Oligodend"
915,NA,"chr11",604874,605238,365,"*","Oligodend"
916,NA,"chr12",124989709,124990041,333,"*","Oligodend"
917,NA,"chr3",183799901,183800128,228,"*","Oligodend"
918,NA,"chr14",74682473,74682865,393,"*","Oligodend"
919,NA,"chr4",158855211,158855402,192,"*","Oligodend"
920,NA,"chr18",76998947,76999358,412,"*","Oligodend"
921,NA,"chr18",77001159,77001622,464,"*","Oligodend"
922,NA,"chr18",3580865,3581957,1093,"*","Ovary-Ep"
923,NA,"chr6",30406635,30407031,397,"*","Ovary-Ep"
924,NA,"chr17",43329973,43330106,134,"*","Ovary-Ep"
925,NA,"chr22",46831619,46831849,231,"*","Ovary-Ep"
926,NA,"chr6",32559811,32559980,170,"*","Ovary-Ep"
927,NA,"chr1",90854363,90854947,585,"*","Ovary-Ep"
928,NA,"chr15",30490981,30491624,644,"*","Ovary-Ep"
929,NA,"chr1",168224931,168225287,357,"*","Ovary-Ep"
930,NA,"chr18",3582030,3582729,700,"*","Ovary-Ep"
931,NA,"chr7",54833409,54833522,114,"*","Ovary-Ep"
932,NA,"chr10",129849113,129849280,168,"*","Ovary-Ep"
933,NA,"chr4",4759145,4759326,182,"*","Ovary-Ep"
934,NA,"chr15",32516082,32516731,650,"*","Ovary-Ep"
935,NA,"chr18",74013023,74013114,92,"*","Ovary-Ep"
936,NA,"chr1",206062945,206063674,730,"*","Ovary-Ep"
937,NA,"chr4",3946851,3947176,326,"*","Ovary-Ep"
938,NA,"chr9",129286237,129286309,73,"*","Ovary-Ep"
939,NA,"chr21",36380629,36380675,47,"*","Ovary-Ep"
940,NA,"chr6",106553669,106553977,309,"*","Ovary-Ep"
941,NA,"chr10",2981390,2981573,184,"*","Ovary-Ep"
942,NA,"chr3",125925031,125925136,106,"*","Ovary-Ep"
943,NA,"chr18",3363760,3363958,199,"*","Ovary-Ep"
944,NA,"chr4",8214407,8214625,219,"*","Ovary-Ep"
945,NA,"chr7",2338354,2338930,577,"*","Ovary-Ep"
946,NA,"chr12",132314770,132314894,125,"*","Ovary-Ep"
947,NA,"chr22",26562850,26562927,78,"*","Pancreas-Acinar"
948,NA,"chr7",130381678,130381840,163,"*","Pancreas-Acinar"
949,NA,"chr4",86990394,86990968,575,"*","Pancreas-Acinar"
950,NA,"chr5",177269394,177269756,363,"*","Pancreas-Acinar"
951,NA,"chr14",81531387,81531836,450,"*","Pancreas-Acinar"
952,NA,"chr2",181899009,181899874,866,"*","Pancreas-Acinar"
953,NA,"chr10",113852330,113852771,442,"*","Pancreas-Acinar"
954,NA,"chr7",98212279,98212911,633,"*","Pancreas-Acinar"
955,NA,"chr14",81524599,81525360,762,"*","Pancreas-Acinar"
956,NA,"chr14",81469263,81470028,766,"*","Pancreas-Acinar"
957,NA,"chr17",82437309,82437575,267,"*","Pancreas-Acinar"
958,NA,"chr4",3179659,3180729,1071,"*","Pancreas-Acinar"
959,NA,"chr3",148838044,148838475,432,"*","Pancreas-Acinar"
960,NA,"chr4",3178045,3178505,461,"*","Pancreas-Acinar"
961,NA,"chr16",67929822,67930446,625,"*","Pancreas-Acinar"
962,NA,"chr8",38033777,38034042,266,"*","Pancreas-Acinar"
963,NA,"chr16",67930493,67931438,946,"*","Pancreas-Acinar"
964,NA,"chr7",98228999,98229279,281,"*","Pancreas-Acinar"
965,NA,"chr17",63709825,63710328,504,"*","Pancreas-Acinar"
966,NA,"chr16",580414,580879,466,"*","Pancreas-Acinar"
967,NA,"chr7",2375812,2376033,222,"*","Pancreas-Acinar"
968,NA,"chr1",1664496,1664838,343,"*","Pancreas-Acinar"
969,NA,"chr16",580925,581744,820,"*","Pancreas-Acinar"
970,NA,"chr22",21686804,21687280,477,"*","Pancreas-Acinar"
971,NA,"chr11",119061146,119062231,1086,"*","Pancreas-Acinar"
972,NA,"chr22",40873485,40873557,73,"*","Pancreas-Alpha"
973,NA,"chr12",122574361,122574616,256,"*","Pancreas-Alpha"
974,NA,"chr9",134029630,134029818,189,"*","Pancreas-Alpha"
975,NA,"chr4",146563690,146564267,578,"*","Pancreas-Alpha"
976,NA,"chr9",33998277,33998846,570,"*","Pancreas-Alpha"
977,NA,"chr12",58507081,58507727,647,"*","Pancreas-Alpha"
978,NA,"chr4",3303867,3304192,326,"*","Pancreas-Alpha"
979,NA,"chr18",5398261,5399023,763,"*","Pancreas-Alpha"
980,NA,"chr9",120005335,120005664,330,"*","Pancreas-Alpha"
981,NA,"chr2",162150909,162152313,1405,"*","Pancreas-Alpha"
982,NA,"chr18",5399142,5399590,449,"*","Pancreas-Alpha"
983,NA,"chr5",58014419,58014883,465,"*","Pancreas-Alpha"
984,NA,"chr2",162150108,162150586,479,"*","Pancreas-Alpha"
985,NA,"chr19",38204490,38204821,332,"*","Pancreas-Alpha"
986,NA,"chr14",93188718,93189111,394,"*","Pancreas-Alpha"
987,NA,"chr4",127990966,127991413,448,"*","Pancreas-Alpha"
988,NA,"chr6",157486006,157486370,365,"*","Pancreas-Alpha"
989,NA,"chr14",33675115,33675350,236,"*","Pancreas-Alpha"
990,NA,"chr20",33362327,33362539,213,"*","Pancreas-Alpha"
991,NA,"chr20",24659560,24659749,190,"*","Pancreas-Alpha"
992,NA,"chr13",23670660,23670884,225,"*","Pancreas-Alpha"
993,NA,"chr5",73020390,73020970,581,"*","Pancreas-Alpha"
994,NA,"chr8",139851639,139851899,261,"*","Pancreas-Alpha"
995,NA,"chr13",112519519,112519871,353,"*","Pancreas-Alpha"
996,NA,"chr16",3745171,3745662,492,"*","Pancreas-Alpha"
997,NA,"chr18",79316138,79316401,264,"*","Pancreas-Alpha:Pancreas-Beta:Pancreas-Delta"
998,NA,"chr1",53851996,53852143,148,"*","Pancreas-Alpha:Pancreas-Beta:Pancreas-Delta"
999,NA,"chr1",63793992,63794216,225,"*","Pancreas-Alpha:Pancreas-Beta:Pancreas-Delta"
1000,NA,"chr1",11114745,11115127,383,"*","Pancreas-Alpha:Pancreas-Beta:Pancreas-Delta"
1001,NA,"chr15",73254751,73255038,288,"*","Pancreas-Alpha:Pancreas-Beta:Pancreas-Delta"
1002,NA,"chr18",42004441,42004767,327,"*","Pancreas-Alpha:Pancreas-Beta:Pancreas-Delta"
1003,NA,"chr4",183284255,183284371,117,"*","Pancreas-Alpha:Pancreas-Beta:Pancreas-Delta"
1004,NA,"chr6",35228573,35228724,152,"*","Pancreas-Alpha:Pancreas-Beta:Pancreas-Delta"
1005,NA,"chr1",64679172,64679492,321,"*","Pancreas-Alpha:Pancreas-Beta:Pancreas-Delta"
1006,NA,"chr19",5080769,5080851,83,"*","Pancreas-Alpha:Pancreas-Beta:Pancreas-Delta"
1007,NA,"chr14",102000948,102001291,344,"*","Pancreas-Alpha:Pancreas-Beta:Pancreas-Delta"
1008,NA,"chr17",31342566,31343037,472,"*","Pancreas-Alpha:Pancreas-Beta:Pancreas-Delta"
1009,NA,"chr2",3421573,3421729,157,"*","Pancreas-Alpha:Pancreas-Beta:Pancreas-Delta"
1010,NA,"chr7",38439845,38440049,205,"*","Pancreas-Alpha:Pancreas-Beta:Pancreas-Delta"
1011,NA,"chr4",70896533,70896796,264,"*","Pancreas-Alpha:Pancreas-Beta:Pancreas-Delta"
1012,NA,"chr2",117918641,117919226,586,"*","Pancreas-Alpha:Pancreas-Beta:Pancreas-Delta"
1013,NA,"chr12",132020514,132021092,579,"*","Pancreas-Alpha:Pancreas-Beta:Pancreas-Delta"
1014,NA,"chr17",17489718,17490202,485,"*","Pancreas-Alpha:Pancreas-Beta:Pancreas-Delta"
1015,NA,"chr19",49921076,49921250,175,"*","Pancreas-Alpha:Pancreas-Beta:Pancreas-Delta"
1016,NA,"chr8",31059528,31059884,357,"*","Pancreas-Alpha:Pancreas-Beta:Pancreas-Delta"
1017,NA,"chr14",88840003,88840924,922,"*","Pancreas-Alpha:Pancreas-Beta:Pancreas-Delta"
1018,NA,"chr15",41732383,41732982,600,"*","Pancreas-Alpha:Pancreas-Beta:Pancreas-Delta"
1019,NA,"chr6",7565363,7565587,225,"*","Pancreas-Alpha:Pancreas-Beta:Pancreas-Delta"
1020,NA,"chr6",26895768,26895997,230,"*","Pancreas-Alpha:Pancreas-Beta:Pancreas-Delta"
1021,NA,"chr7",102060353,102060535,183,"*","Pancreas-Alpha:Pancreas-Beta:Pancreas-Delta"
1022,NA,"chr8",143464117,143464377,261,"*","Pancreas-Beta"
1023,NA,"chr1",10957446,10957509,64,"*","Pancreas-Beta"
1024,NA,"chr8",143439580,143440154,575,"*","Pancreas-Beta"
1025,NA,"chr16",71015623,71015699,77,"*","Pancreas-Beta"
1026,NA,"chr17",47680218,47680598,381,"*","Pancreas-Beta"
1027,NA,"chr5",138377072,138377237,166,"*","Pancreas-Beta"
1028,NA,"chr22",30323184,30323492,309,"*","Pancreas-Beta"
1029,NA,"chr5",45127997,45128238,242,"*","Pancreas-Beta"
1030,NA,"chr22",32232883,32233040,158,"*","Pancreas-Beta"
1031,NA,"chr11",2154813,2155073,261,"*","Pancreas-Beta"
1032,NA,"chr5",176833993,176834117,125,"*","Pancreas-Beta"
1033,NA,"chr7",158030283,158030330,48,"*","Pancreas-Beta"
1034,NA,"chr7",111731160,111731527,368,"*","Pancreas-Beta"
1035,NA,"chr11",2153328,2153410,83,"*","Pancreas-Beta"
1036,NA,"chr19",4614749,4614933,185,"*","Pancreas-Beta"
1037,NA,"chr5",43315968,43316349,382,"*","Pancreas-Beta"
1038,NA,"chr10",92534018,92534234,217,"*","Pancreas-Beta"
1039,NA,"chr18",58335377,58335665,289,"*","Pancreas-Beta"
1040,NA,"chr11",2154050,2154792,743,"*","Pancreas-Beta"
1041,NA,"chr15",28228045,28228367,323,"*","Pancreas-Beta"
1042,NA,"chr8",143438492,143439130,639,"*","Pancreas-Beta"
1043,NA,"chr17",35116715,35117027,313,"*","Pancreas-Beta"
1044,NA,"chr3",185801898,185803079,1182,"*","Pancreas-Beta"
1045,NA,"chr3",116043862,116043941,80,"*","Pancreas-Beta"
1046,NA,"chr8",130202930,130204269,1340,"*","Pancreas-Beta"
1047,NA,"chr7",101932217,101932429,213,"*","Pancreas-Delta"
1048,NA,"chr9",127464422,127464619,198,"*","Pancreas-Delta"
1049,NA,"chr1",168291243,168291461,219,"*","Pancreas-Delta"
1050,NA,"chr16",85512534,85512808,275,"*","Pancreas-Delta"
1051,NA,"chr3",117807853,117808398,546,"*","Pancreas-Delta"
1052,NA,"chr17",51195114,51195642,529,"*","Pancreas-Delta"
1053,NA,"chr13",49188568,49188964,397,"*","Pancreas-Delta"
1054,NA,"chr3",39455848,39455935,88,"*","Pancreas-Delta"
1055,NA,"chr18",2950358,2950611,254,"*","Pancreas-Delta"
1056,NA,"chr5",170612126,170612383,258,"*","Pancreas-Delta"
1057,NA,"chr17",34890431,34890665,235,"*","Pancreas-Delta"
1058,NA,"chr21",17636335,17636657,323,"*","Pancreas-Delta"
1059,NA,"chr1",184109865,184110291,427,"*","Pancreas-Delta"
1060,NA,"chr9",126381056,126381502,447,"*","Pancreas-Delta"
1061,NA,"chr3",172341113,172341443,331,"*","Pancreas-Delta"
1062,NA,"chr11",78328142,78328534,393,"*","Pancreas-Delta"
1063,NA,"chr3",187667288,187667428,141,"*","Pancreas-Delta"
1064,NA,"chr20",20431900,20432214,315,"*","Pancreas-Delta"
1065,NA,"chr11",72311010,72311299,290,"*","Pancreas-Delta"
1066,NA,"chr2",151048798,151049549,752,"*","Pancreas-Delta"
1067,NA,"chr7",101932471,101932957,487,"*","Pancreas-Delta"
1068,NA,"chr7",152153815,152154314,500,"*","Pancreas-Delta"
1069,NA,"chr2",39247714,39248160,447,"*","Pancreas-Delta"
1070,NA,"chr1",156131522,156132030,509,"*","Pancreas-Delta"
1071,NA,"chr2",128411168,128411480,313,"*","Pancreas-Delta"
1072,NA,"chr4",71193316,71193952,637,"*","Pancreas-Duct"
1073,NA,"chr4",71196989,71197880,892,"*","Pancreas-Duct"
1074,NA,"chr16",72924571,72924632,62,"*","Pancreas-Duct"
1075,NA,"chr5",133745876,133746074,199,"*","Pancreas-Duct"
1076,NA,"chr7",156989132,156989208,77,"*","Pancreas-Duct"
1077,NA,"chr2",96503930,96504276,347,"*","Pancreas-Duct"
1078,NA,"chr4",71225346,71226216,871,"*","Pancreas-Duct"
1079,NA,"chr6",24781063,24782020,958,"*","Pancreas-Duct"
1080,NA,"chr1",46483695,46483758,64,"*","Pancreas-Duct"
1081,NA,"chr4",20352805,20353045,241,"*","Pancreas-Duct"
1082,NA,"chr13",51785214,51785601,388,"*","Pancreas-Duct"
1083,NA,"chr4",71234448,71235332,885,"*","Pancreas-Duct"
1084,NA,"chr4",71213143,71214507,1365,"*","Pancreas-Duct"
1085,NA,"chr2",96504355,96504873,519,"*","Pancreas-Duct"
1086,NA,"chr4",71199672,71199931,260,"*","Pancreas-Duct"
1087,NA,"chr16",85197025,85197228,204,"*","Pancreas-Duct"
1088,NA,"chr12",95356090,95356324,235,"*","Pancreas-Duct"
1089,NA,"chr4",71285376,71286227,852,"*","Pancreas-Duct"
1090,NA,"chr21",36376853,36377111,259,"*","Pancreas-Duct"
1091,NA,"chr2",105935736,105937027,1292,"*","Pancreas-Duct"
1092,NA,"chr1",39435714,39436468,755,"*","Pancreas-Duct"
1093,NA,"chr1",179295956,179296249,294,"*","Pancreas-Duct"
1094,NA,"chr4",71256468,71257762,1295,"*","Pancreas-Duct"
1095,NA,"chr3",129190449,129190774,326,"*","Pancreas-Duct"
1096,NA,"chr21",32503733,32504292,560,"*","Pancreas-Duct"
1097,NA,"chr11",83132608,83132801,194,"*","Prostate-Ep"
1098,NA,"chr5",59100156,59100575,420,"*","Prostate-Ep"
1099,NA,"chr7",253893,254388,496,"*","Prostate-Ep"
1100,NA,"chr5",175493569,175494013,445,"*","Prostate-Ep"
1101,NA,"chr22",32167100,32167535,436,"*","Prostate-Ep"
1102,NA,"chr22",30047182,30047245,64,"*","Prostate-Ep"
1103,NA,"chr17",9445315,9445619,305,"*","Prostate-Ep"
1104,NA,"chrX",35500407,35500448,42,"*","Prostate-Ep"
1105,NA,"chr10",26389003,26389743,741,"*","Prostate-Ep"
1106,NA,"chr6",14459181,14459855,675,"*","Prostate-Ep"
1107,NA,"chr4",3401409,3401806,398,"*","Prostate-Ep"
1108,NA,"chr6",720637,720836,200,"*","Prostate-Ep"
1109,NA,"chr12",39777596,39777731,136,"*","Prostate-Ep"
1110,NA,"chr8",902832,903136,305,"*","Prostate-Ep"
1111,NA,"chr3",193957845,193958028,184,"*","Prostate-Ep"
1112,NA,"chr4",99421697,99422036,340,"*","Prostate-Ep"
1113,NA,"chr14",61796313,61797264,952,"*","Prostate-Ep"
1114,NA,"chr19",32864456,32864717,262,"*","Prostate-Ep"
1115,NA,"chr5",171796143,171796504,362,"*","Prostate-Ep"
1116,NA,"chr15",88042431,88042620,190,"*","Prostate-Ep"
1117,NA,"chr11",83132839,83132911,73,"*","Prostate-Ep"
1118,NA,"chr9",16204128,16204162,35,"*","Prostate-Ep"
1119,NA,"chr19",51355396,51355656,261,"*","Prostate-Ep"
1120,NA,"chr2",111528141,111528284,144,"*","Prostate-Ep"
1121,NA,"chr2",231748867,231749462,596,"*","Prostate-Ep"
1122,NA,"chr12",130688922,130689053,132,"*","Skeletal-Musc"
1123,NA,"chr15",63894364,63894472,109,"*","Skeletal-Musc"
1124,NA,"chr14",20436010,20436162,153,"*","Skeletal-Musc"
1125,NA,"chr19",8138179,8138304,126,"*","Skeletal-Musc"
1126,NA,"chr19",39817980,39818528,549,"*","Skeletal-Musc"
1127,NA,"chr2",126315034,126315504,471,"*","Skeletal-Musc"
1128,NA,"chr10",23064134,23064458,325,"*","Skeletal-Musc"
1129,NA,"chr10",133081191,133081435,245,"*","Skeletal-Musc"
1130,NA,"chr1",55201331,55201558,228,"*","Skeletal-Musc"
1131,NA,"chr1",201100342,201100989,648,"*","Skeletal-Musc"
1132,NA,"chr21",44462101,44462229,129,"*","Skeletal-Musc"
1133,NA,"chr2",231688803,231688851,49,"*","Skeletal-Musc"
1134,NA,"chr19",3442503,3442688,186,"*","Skeletal-Musc"
1135,NA,"chr17",81940837,81941112,276,"*","Skeletal-Musc"
1136,NA,"chr18",21458217,21458267,51,"*","Skeletal-Musc"
1137,NA,"chr21",43437635,43437743,109,"*","Skeletal-Musc"
1138,NA,"chr11",73211627,73212648,1022,"*","Skeletal-Musc"
1139,NA,"chr15",98433985,98434054,70,"*","Skeletal-Musc"
1140,NA,"chr8",33543701,33543895,195,"*","Skeletal-Musc"
1141,NA,"chr19",2845992,2846772,781,"*","Skeletal-Musc"
1142,NA,"chr10",68108459,68109072,614,"*","Skeletal-Musc"
1143,NA,"chr4",1687389,1687448,60,"*","Skeletal-Musc"
1144,NA,"chr15",43273882,43274053,172,"*","Skeletal-Musc"
1145,NA,"chr1",975053,975096,44,"*","Skeletal-Musc"
1146,NA,"chr1",229436524,229436731,208,"*","Skeletal-Musc"
1147,NA,"chr7",28847627,28847952,326,"*","Skeletal-Musc:Smooth-Musc"
1148,NA,"chr11",39325328,39325760,433,"*","Skeletal-Musc:Smooth-Musc"
1149,NA,"chrX",105260373,105260667,295,"*","Skeletal-Musc:Smooth-Musc"
1150,NA,"chr10",125557800,125558261,462,"*","Skeletal-Musc:Smooth-Musc"
1151,NA,"chr12",42277426,42277932,507,"*","Skeletal-Musc:Smooth-Musc"
1152,NA,"chr7",69218071,69218286,216,"*","Skeletal-Musc:Smooth-Musc"
1153,NA,"chr12",124127216,124127420,205,"*","Skeletal-Musc:Smooth-Musc"
1154,NA,"chr1",147630438,147630695,258,"*","Skeletal-Musc:Smooth-Musc"
1155,NA,"chr16",50944250,50944904,655,"*","Skeletal-Musc:Smooth-Musc"
1156,NA,"chr8",76778568,76778954,387,"*","Skeletal-Musc:Smooth-Musc"
1157,NA,"chr20",24782436,24782723,288,"*","Skeletal-Musc:Smooth-Musc"
1158,NA,"chr21",29637203,29637669,467,"*","Skeletal-Musc:Smooth-Musc"
1159,NA,"chr7",33501109,33501511,403,"*","Skeletal-Musc:Smooth-Musc"
1160,NA,"chr12",102601816,102601977,162,"*","Skeletal-Musc:Smooth-Musc"
1161,NA,"chr12",97118797,97119049,253,"*","Skeletal-Musc:Smooth-Musc"
1162,NA,"chr2",51302888,51303184,297,"*","Skeletal-Musc:Smooth-Musc"
1163,NA,"chr2",239307079,239307151,73,"*","Skeletal-Musc:Smooth-Musc"
1164,NA,"chr3",130099100,130099334,235,"*","Skeletal-Musc:Smooth-Musc"
1165,NA,"chr16",11145410,11145697,288,"*","Skeletal-Musc:Smooth-Musc"
1166,NA,"chr1",113983249,113983453,205,"*","Skeletal-Musc:Smooth-Musc"
1167,NA,"chr11",132712913,132713035,123,"*","Skeletal-Musc:Smooth-Musc"
1168,NA,"chr10",118163232,118163514,283,"*","Skeletal-Musc:Smooth-Musc"
1169,NA,"chr2",90396178,90397308,1131,"*","Skeletal-Musc:Smooth-Musc"
1170,NA,"chr6",167389672,167389912,241,"*","Skeletal-Musc:Smooth-Musc"
1171,NA,"chr11",54967543,54968506,964,"*","Skeletal-Musc:Smooth-Musc"
1172,NA,"chr7",2845363,2845407,45,"*","Small-Int-Ep"
1173,NA,"chr12",2397448,2397499,52,"*","Small-Int-Ep"
1174,NA,"chr15",76500950,76501025,76,"*","Small-Int-Ep"
1175,NA,"chr5",138598201,138598294,94,"*","Small-Int-Ep"
1176,NA,"chr11",65826856,65827160,305,"*","Small-Int-Ep"
1177,NA,"chr1",200104731,200104883,153,"*","Small-Int-Ep"
1178,NA,"chr10",124808171,124808466,296,"*","Small-Int-Ep"
1179,NA,"chr13",29536013,29536438,426,"*","Small-Int-Ep"
1180,NA,"chr4",177401077,177401313,237,"*","Small-Int-Ep"
1181,NA,"chr2",135837337,135837479,143,"*","Small-Int-Ep"
1182,NA,"chr10",19050020,19050383,364,"*","Small-Int-Ep"
1183,NA,"chr19",41436235,41437198,964,"*","Small-Int-Ep"
1184,NA,"chr20",63891394,63892084,691,"*","Small-Int-Ep"
1185,NA,"chr3",100612958,100613137,180,"*","Small-Int-Ep"
1186,NA,"chr11",440653,440883,231,"*","Small-Int-Ep"
1187,NA,"chr11",272256,272629,374,"*","Small-Int-Ep"
1188,NA,"chr17",9219722,9219851,130,"*","Small-Int-Ep"
1189,NA,"chr7",101234302,101234647,346,"*","Small-Int-Ep"
1190,NA,"chr11",283462,283609,148,"*","Small-Int-Ep"
1191,NA,"chr12",22600183,22600729,547,"*","Small-Int-Ep"
1192,NA,"chr5",174542342,174542501,160,"*","Small-Int-Ep"
1193,NA,"chr5",1368568,1368764,197,"*","Small-Int-Ep"
1194,NA,"chr22",46210632,46211258,627,"*","Small-Int-Ep"
1195,NA,"chr5",71531669,71531860,192,"*","Small-Int-Ep"
1196,NA,"chr2",26282669,26283763,1095,"*","Small-Int-Ep"
1197,NA,"chr1",162503080,162503338,259,"*","Smooth-Musc"
1198,NA,"chr5",106166648,106167120,473,"*","Smooth-Musc"
1199,NA,"chr17",29597717,29597994,278,"*","Smooth-Musc"
1200,NA,"chr4",140120668,140121193,526,"*","Smooth-Musc"
1201,NA,"chr9",38596806,38597837,1032,"*","Smooth-Musc"
1202,NA,"chr4",186423415,186423742,328,"*","Smooth-Musc"
1203,NA,"chr8",126660642,126661310,669,"*","Smooth-Musc"
1204,NA,"chr11",41416088,41416488,401,"*","Smooth-Musc"
1205,NA,"chrX",38011695,38011993,299,"*","Smooth-Musc"
1206,NA,"chr8",126408085,126408762,678,"*","Smooth-Musc"
1207,NA,"chr2",15883117,15884123,1007,"*","Smooth-Musc"
1208,NA,"chr12",120343104,120343267,164,"*","Smooth-Musc"
1209,NA,"chr18",21205394,21205765,372,"*","Smooth-Musc"
1210,NA,"chr5",4024347,4024970,624,"*","Smooth-Musc"
1211,NA,"chr7",159290486,159290845,360,"*","Smooth-Musc"
1212,NA,"chr6",29114307,29114669,363,"*","Smooth-Musc"
1213,NA,"chr1",22191440,22192157,718,"*","Smooth-Musc"
1214,NA,"chr6",123469985,123471156,1172,"*","Smooth-Musc"
1215,NA,"chr10",25633346,25634088,743,"*","Smooth-Musc"
1216,NA,"chr22",47244820,47245565,746,"*","Smooth-Musc"
1217,NA,"chr2",90396178,90397308,1131,"*","Smooth-Musc"
1218,NA,"chr2",233197784,233198104,321,"*","Smooth-Musc"
1219,NA,"chr16",33901927,33902672,746,"*","Smooth-Musc"
1220,NA,"chrY",10618852,10619566,715,"*","Smooth-Musc"
1221,NA,"chr11",54967543,54968506,964,"*","Smooth-Musc"
1222,NA,"chr5",78545582,78545801,220,"*","Thyroid-Ep"
1223,NA,"chr16",87427376,87427516,141,"*","Thyroid-Ep"
1224,NA,"chr10",132746046,132746363,318,"*","Thyroid-Ep"
1225,NA,"chr22",31126726,31126875,150,"*","Thyroid-Ep"
1226,NA,"chr17",28199440,28199615,176,"*","Thyroid-Ep"
1227,NA,"chr2",3452368,3452624,257,"*","Thyroid-Ep"
1228,NA,"chr17",7172706,7173125,420,"*","Thyroid-Ep"
1229,NA,"chr6",154956984,154957464,481,"*","Thyroid-Ep"
1230,NA,"chr12",131983824,131984062,239,"*","Thyroid-Ep"
1231,NA,"chr13",49280990,49281087,98,"*","Thyroid-Ep"
1232,NA,"chr5",173034531,173034939,409,"*","Thyroid-Ep"
1233,NA,"chr3",196916864,196917121,258,"*","Thyroid-Ep"
1234,NA,"chr15",40386318,40386998,681,"*","Thyroid-Ep"
1235,NA,"chr22",31126421,31126482,62,"*","Thyroid-Ep"
1236,NA,"chr5",154313036,154313297,262,"*","Thyroid-Ep"
1237,NA,"chr19",45804728,45805195,468,"*","Thyroid-Ep"
1238,NA,"chr11",68601513,68602463,951,"*","Thyroid-Ep"
1239,NA,"chr16",57996617,57997165,549,"*","Thyroid-Ep"
1240,NA,"chr1",226254707,226255135,429,"*","Thyroid-Ep"
1241,NA,"chr8",95026188,95026447,260,"*","Thyroid-Ep"
1242,NA,"chr1",1556170,1556571,402,"*","Thyroid-Ep"
1243,NA,"chr14",21091796,21092144,349,"*","Thyroid-Ep"
1244,NA,"chr2",238165545,238166068,524,"*","Thyroid-Ep"
1245,NA,"chr17",39911737,39912112,376,"*","Thyroid-Ep"
1246,NA,"chr18",79928135,79928699,565,"*","Thyroid-Ep"
